'vswhere.exe' is not recognized as an internal or external command,
operable program or batch file.
Loading weights:   0%|          | 0/6 [00:00<?, ?it/s]Loading weights: 100%|██████████| 6/6 [00:00<?, ?it/s]
V1009 05:06:32.055000 26196 Lib\site-packages\torch\_inductor\codecache.py:2145] [0/0] [__output_code] Output code: 
V1009 05:06:32.055000 26196 Lib\site-packages\torch\_inductor\codecache.py:2145] [0/0] [__output_code] # AOT ID: ['0_inference']
V1009 05:06:32.055000 26196 Lib\site-packages\torch\_inductor\codecache.py:2145] [0/0] [__output_code] from ctypes import c_void_p, c_long, c_int
V1009 05:06:32.055000 26196 Lib\site-packages\torch\_inductor\codecache.py:2145] [0/0] [__output_code] import torch
V1009 05:06:32.055000 26196 Lib\site-packages\torch\_inductor\codecache.py:2145] [0/0] [__output_code] import math
V1009 05:06:32.055000 26196 Lib\site-packages\torch\_inductor\codecache.py:2145] [0/0] [__output_code] import random
V1009 05:06:32.055000 26196 Lib\site-packages\torch\_inductor\codecache.py:2145] [0/0] [__output_code] import os
V1009 05:06:32.055000 26196 Lib\site-packages\torch\_inductor\codecache.py:2145] [0/0] [__output_code] import tempfile
V1009 05:06:32.055000 26196 Lib\site-packages\torch\_inductor\codecache.py:2145] [0/0] [__output_code] from math import inf, nan
V1009 05:06:32.055000 26196 Lib\site-packages\torch\_inductor\codecache.py:2145] [0/0] [__output_code] from cmath import nanj
V1009 05:06:32.055000 26196 Lib\site-packages\torch\_inductor\codecache.py:2145] [0/0] [__output_code] from torch._inductor.hooks import run_intermediate_hooks
V1009 05:06:32.055000 26196 Lib\site-packages\torch\_inductor\codecache.py:2145] [0/0] [__output_code] from torch._inductor.utils import maybe_profile
V1009 05:06:32.055000 26196 Lib\site-packages\torch\_inductor\codecache.py:2145] [0/0] [__output_code] from torch._inductor.codegen.memory_planning import _align as align
V1009 05:06:32.055000 26196 Lib\site-packages\torch\_inductor\codecache.py:2145] [0/0] [__output_code] from torch import device, empty_strided
V1009 05:06:32.055000 26196 Lib\site-packages\torch\_inductor\codecache.py:2145] [0/0] [__output_code] from torch._inductor.async_compile import AsyncCompile
V1009 05:06:32.055000 26196 Lib\site-packages\torch\_inductor\codecache.py:2145] [0/0] [__output_code] from torch._inductor.select_algorithm import extern_kernels
V1009 05:06:32.055000 26196 Lib\site-packages\torch\_inductor\codecache.py:2145] [0/0] [__output_code] 
V1009 05:06:32.055000 26196 Lib\site-packages\torch\_inductor\codecache.py:2145] [0/0] [__output_code] aten = torch.ops.aten
V1009 05:06:32.055000 26196 Lib\site-packages\torch\_inductor\codecache.py:2145] [0/0] [__output_code] inductor_ops = torch.ops.inductor
V1009 05:06:32.055000 26196 Lib\site-packages\torch\_inductor\codecache.py:2145] [0/0] [__output_code] _quantized = torch.ops._quantized
V1009 05:06:32.055000 26196 Lib\site-packages\torch\_inductor\codecache.py:2145] [0/0] [__output_code] assert_size_stride = torch._C._dynamo.guards.assert_size_stride
V1009 05:06:32.055000 26196 Lib\site-packages\torch\_inductor\codecache.py:2145] [0/0] [__output_code] assert_size_stride_grouped = torch._C._dynamo.guards.assert_size_stride_grouped
V1009 05:06:32.055000 26196 Lib\site-packages\torch\_inductor\codecache.py:2145] [0/0] [__output_code] assert_alignment = torch._C._dynamo.guards.assert_alignment
V1009 05:06:32.055000 26196 Lib\site-packages\torch\_inductor\codecache.py:2145] [0/0] [__output_code] empty_strided_cpu = torch._C._dynamo.guards._empty_strided_cpu
V1009 05:06:32.055000 26196 Lib\site-packages\torch\_inductor\codecache.py:2145] [0/0] [__output_code] empty_strided_cpu_pinned = torch._C._dynamo.guards._empty_strided_cpu_pinned
V1009 05:06:32.055000 26196 Lib\site-packages\torch\_inductor\codecache.py:2145] [0/0] [__output_code] empty_strided_cuda = torch._C._dynamo.guards._empty_strided_cuda
V1009 05:06:32.055000 26196 Lib\site-packages\torch\_inductor\codecache.py:2145] [0/0] [__output_code] empty_strided_xpu = torch._C._dynamo.guards._empty_strided_xpu
V1009 05:06:32.055000 26196 Lib\site-packages\torch\_inductor\codecache.py:2145] [0/0] [__output_code] empty_strided_mtia = torch._C._dynamo.guards._empty_strided_mtia
V1009 05:06:32.055000 26196 Lib\site-packages\torch\_inductor\codecache.py:2145] [0/0] [__output_code] reinterpret_tensor = torch._C._dynamo.guards._reinterpret_tensor
V1009 05:06:32.055000 26196 Lib\site-packages\torch\_inductor\codecache.py:2145] [0/0] [__output_code] alloc_from_pool = torch.ops.inductor._alloc_from_pool
V1009 05:06:32.055000 26196 Lib\site-packages\torch\_inductor\codecache.py:2145] [0/0] [__output_code] async_compile = AsyncCompile()
V1009 05:06:32.055000 26196 Lib\site-packages\torch\_inductor\codecache.py:2145] [0/0] [__output_code] empty_strided_p2p = torch._C._distributed_c10d._SymmetricMemory.empty_strided_p2p
V1009 05:06:32.055000 26196 Lib\site-packages\torch\_inductor\codecache.py:2145] [0/0] [__output_code] 
V1009 05:06:32.055000 26196 Lib\site-packages\torch\_inductor\codecache.py:2145] [0/0] [__output_code] 
V1009 05:06:32.055000 26196 Lib\site-packages\torch\_inductor\codecache.py:2145] [0/0] [__output_code] cpp_fused_relu_0 = async_compile.cpp_pybinding(['float*'], r'''
V1009 05:06:32.055000 26196 Lib\site-packages\torch\_inductor\codecache.py:2145] [0/0] [__output_code] #include <torch/csrc/inductor/cpp_prefix.h>
V1009 05:06:32.055000 26196 Lib\site-packages\torch\_inductor\codecache.py:2145] [0/0] [__output_code] extern "C" __declspec(dllexport) void  kernel(float* in_out_ptr0)
V1009 05:06:32.055000 26196 Lib\site-packages\torch\_inductor\codecache.py:2145] [0/0] [__output_code] {
V1009 05:06:32.055000 26196 Lib\site-packages\torch\_inductor\codecache.py:2145] [0/0] [__output_code]     std::atomic<int> inductor_cpu_integer_div_error{0};
V1009 05:06:32.055000 26196 Lib\site-packages\torch\_inductor\codecache.py:2145] [0/0] [__output_code]     inductor_cpu_integer_div_error_flag = &inductor_cpu_integer_div_error;
V1009 05:06:32.055000 26196 Lib\site-packages\torch\_inductor\codecache.py:2145] [0/0] [__output_code]     #pragma omp parallel num_threads(8)
V1009 05:06:32.055000 26196 Lib\site-packages\torch\_inductor\codecache.py:2145] [0/0] [__output_code]     {
V1009 05:06:32.055000 26196 Lib\site-packages\torch\_inductor\codecache.py:2145] [0/0] [__output_code]         int tid = omp_get_thread_num();
V1009 05:06:32.055000 26196 Lib\site-packages\torch\_inductor\codecache.py:2145] [0/0] [__output_code]         {
V1009 05:06:32.055000 26196 Lib\site-packages\torch\_inductor\codecache.py:2145] [0/0] [__output_code]             #pragma omp for
V1009 05:06:32.055000 26196 Lib\site-packages\torch\_inductor\codecache.py:2145] [0/0] [__output_code]             for(int64_t x0=static_cast<int64_t>(0LL); x0<static_cast<int64_t>(256000LL); x0+=static_cast<int64_t>(8LL))
V1009 05:06:32.055000 26196 Lib\site-packages\torch\_inductor\codecache.py:2145] [0/0] [__output_code]             {
V1009 05:06:32.055000 26196 Lib\site-packages\torch\_inductor\codecache.py:2145] [0/0] [__output_code]                 {
V1009 05:06:32.055000 26196 Lib\site-packages\torch\_inductor\codecache.py:2145] [0/0] [__output_code]                     if(C10_LIKELY(x0 >= static_cast<int64_t>(0) && x0 < static_cast<int64_t>(256000LL)))
V1009 05:06:32.055000 26196 Lib\site-packages\torch\_inductor\codecache.py:2145] [0/0] [__output_code]                     {
V1009 05:06:32.055000 26196 Lib\site-packages\torch\_inductor\codecache.py:2145] [0/0] [__output_code]                         auto tmp0 = at::vec::Vectorized<float>::loadu(in_out_ptr0 + static_cast<int64_t>(x0), static_cast<int64_t>(8));
V1009 05:06:32.055000 26196 Lib\site-packages\torch\_inductor\codecache.py:2145] [0/0] [__output_code]                         auto tmp1 = at::vec::clamp_min(tmp0, decltype(tmp0)(0));
V1009 05:06:32.055000 26196 Lib\site-packages\torch\_inductor\codecache.py:2145] [0/0] [__output_code]                         tmp1.store(in_out_ptr0 + static_cast<int64_t>(x0));
V1009 05:06:32.055000 26196 Lib\site-packages\torch\_inductor\codecache.py:2145] [0/0] [__output_code]                     }
V1009 05:06:32.055000 26196 Lib\site-packages\torch\_inductor\codecache.py:2145] [0/0] [__output_code]                 }
V1009 05:06:32.055000 26196 Lib\site-packages\torch\_inductor\codecache.py:2145] [0/0] [__output_code]             }
V1009 05:06:32.055000 26196 Lib\site-packages\torch\_inductor\codecache.py:2145] [0/0] [__output_code]         }
V1009 05:06:32.055000 26196 Lib\site-packages\torch\_inductor\codecache.py:2145] [0/0] [__output_code]     }
V1009 05:06:32.055000 26196 Lib\site-packages\torch\_inductor\codecache.py:2145] [0/0] [__output_code]     inductor_cpu_integer_div_error_flag = nullptr;
V1009 05:06:32.055000 26196 Lib\site-packages\torch\_inductor\codecache.py:2145] [0/0] [__output_code]     inductor_cpu_throw_if_integer_div_error(inductor_cpu_integer_div_error);
V1009 05:06:32.055000 26196 Lib\site-packages\torch\_inductor\codecache.py:2145] [0/0] [__output_code] }
V1009 05:06:32.055000 26196 Lib\site-packages\torch\_inductor\codecache.py:2145] [0/0] [__output_code] ''')
V1009 05:06:32.055000 26196 Lib\site-packages\torch\_inductor\codecache.py:2145] [0/0] [__output_code] 
V1009 05:06:32.055000 26196 Lib\site-packages\torch\_inductor\codecache.py:2145] [0/0] [__output_code] 
V1009 05:06:32.055000 26196 Lib\site-packages\torch\_inductor\codecache.py:2145] [0/0] [__output_code] cpp_fused__softmax_1 = async_compile.cpp_pybinding(['const float*', 'float*', 'float*', 'float*'], r'''
V1009 05:06:32.055000 26196 Lib\site-packages\torch\_inductor\codecache.py:2145] [0/0] [__output_code] #include <torch/csrc/inductor/cpp_prefix.h>
V1009 05:06:32.055000 26196 Lib\site-packages\torch\_inductor\codecache.py:2145] [0/0] [__output_code] extern "C" __declspec(dllexport) void  kernel(const float* in_ptr0,
V1009 05:06:32.055000 26196 Lib\site-packages\torch\_inductor\codecache.py:2145] [0/0] [__output_code]                        float* out_ptr0,
V1009 05:06:32.055000 26196 Lib\site-packages\torch\_inductor\codecache.py:2145] [0/0] [__output_code]                        float* out_ptr1,
V1009 05:06:32.055000 26196 Lib\site-packages\torch\_inductor\codecache.py:2145] [0/0] [__output_code]                        float* out_ptr2)
V1009 05:06:32.055000 26196 Lib\site-packages\torch\_inductor\codecache.py:2145] [0/0] [__output_code] {
V1009 05:06:32.055000 26196 Lib\site-packages\torch\_inductor\codecache.py:2145] [0/0] [__output_code]     std::atomic<int> inductor_cpu_integer_div_error{0};
V1009 05:06:32.055000 26196 Lib\site-packages\torch\_inductor\codecache.py:2145] [0/0] [__output_code]     inductor_cpu_integer_div_error_flag = &inductor_cpu_integer_div_error;
V1009 05:06:32.055000 26196 Lib\site-packages\torch\_inductor\codecache.py:2145] [0/0] [__output_code]     #pragma omp parallel num_threads(8)
V1009 05:06:32.055000 26196 Lib\site-packages\torch\_inductor\codecache.py:2145] [0/0] [__output_code]     {
V1009 05:06:32.055000 26196 Lib\site-packages\torch\_inductor\codecache.py:2145] [0/0] [__output_code]         int tid = omp_get_thread_num();
V1009 05:06:32.055000 26196 Lib\site-packages\torch\_inductor\codecache.py:2145] [0/0] [__output_code]         {
V1009 05:06:32.055000 26196 Lib\site-packages\torch\_inductor\codecache.py:2145] [0/0] [__output_code]             std::unique_ptr<float []> buf_local_buffer_data_0 = std::make_unique<float []>(10LL);
V1009 05:06:32.055000 26196 Lib\site-packages\torch\_inductor\codecache.py:2145] [0/0] [__output_code]             float* local_buffer_data_0 = buf_local_buffer_data_0.get();
V1009 05:06:32.055000 26196 Lib\site-packages\torch\_inductor\codecache.py:2145] [0/0] [__output_code]             #pragma omp for
V1009 05:06:32.055000 26196 Lib\site-packages\torch\_inductor\codecache.py:2145] [0/0] [__output_code]             for(int64_t x0=static_cast<int64_t>(0LL); x0<static_cast<int64_t>(1000LL); x0+=static_cast<int64_t>(1LL))
V1009 05:06:32.055000 26196 Lib\site-packages\torch\_inductor\codecache.py:2145] [0/0] [__output_code]             {
V1009 05:06:32.055000 26196 Lib\site-packages\torch\_inductor\codecache.py:2145] [0/0] [__output_code]                 {
V1009 05:06:32.055000 26196 Lib\site-packages\torch\_inductor\codecache.py:2145] [0/0] [__output_code]                     float tmp_acc0 = -std::numeric_limits<float>::infinity();
V1009 05:06:32.055000 26196 Lib\site-packages\torch\_inductor\codecache.py:2145] [0/0] [__output_code]                     at::vec::Vectorized<float> tmp_acc0_vec = at::vec::Vectorized<float>(-std::numeric_limits<float>::infinity());
V1009 05:06:32.055000 26196 Lib\site-packages\torch\_inductor\codecache.py:2145] [0/0] [__output_code]                     for(int64_t x1=static_cast<int64_t>(0LL); x1<static_cast<int64_t>(10LL); x1+=static_cast<int64_t>(8LL))
V1009 05:06:32.055000 26196 Lib\site-packages\torch\_inductor\codecache.py:2145] [0/0] [__output_code]                     {
V1009 05:06:32.055000 26196 Lib\site-packages\torch\_inductor\codecache.py:2145] [0/0] [__output_code]                         {
V1009 05:06:32.055000 26196 Lib\site-packages\torch\_inductor\codecache.py:2145] [0/0] [__output_code]                             if(C10_LIKELY(x1 >= static_cast<int64_t>(0) && x1 < static_cast<int64_t>(8LL)))
V1009 05:06:32.055000 26196 Lib\site-packages\torch\_inductor\codecache.py:2145] [0/0] [__output_code]                             {
V1009 05:06:32.055000 26196 Lib\site-packages\torch\_inductor\codecache.py:2145] [0/0] [__output_code]                                 auto tmp0 = at::vec::Vectorized<float>::loadu(in_ptr0 + static_cast<int64_t>(x1 + 10LL*x0), static_cast<int64_t>(8));
V1009 05:06:32.055000 26196 Lib\site-packages\torch\_inductor\codecache.py:2145] [0/0] [__output_code]                                 tmp_acc0_vec = at::vec::maximum(tmp_acc0_vec, tmp0);
V1009 05:06:32.055000 26196 Lib\site-packages\torch\_inductor\codecache.py:2145] [0/0] [__output_code]                             }
V1009 05:06:32.055000 26196 Lib\site-packages\torch\_inductor\codecache.py:2145] [0/0] [__output_code]                             if(C10_UNLIKELY(x1 >= static_cast<int64_t>(8LL) && x1 < static_cast<int64_t>(10LL)))
V1009 05:06:32.055000 26196 Lib\site-packages\torch\_inductor\codecache.py:2145] [0/0] [__output_code]                             {
V1009 05:06:32.055000 26196 Lib\site-packages\torch\_inductor\codecache.py:2145] [0/0] [__output_code]                                 auto tmp0 = at::vec::Vectorized<float>::loadu(in_ptr0 + static_cast<int64_t>(x1 + 10LL*x0), static_cast<int64_t>(2LL));
V1009 05:06:32.055000 26196 Lib\site-packages\torch\_inductor\codecache.py:2145] [0/0] [__output_code]                                 tmp_acc0_vec = max_masked_reduce(tmp_acc0_vec, tmp0, static_cast<int64_t>(2LL));
V1009 05:06:32.055000 26196 Lib\site-packages\torch\_inductor\codecache.py:2145] [0/0] [__output_code]                             }
V1009 05:06:32.055000 26196 Lib\site-packages\torch\_inductor\codecache.py:2145] [0/0] [__output_code]                         }
V1009 05:06:32.055000 26196 Lib\site-packages\torch\_inductor\codecache.py:2145] [0/0] [__output_code]                     }
V1009 05:06:32.055000 26196 Lib\site-packages\torch\_inductor\codecache.py:2145] [0/0] [__output_code]                     tmp_acc0 = max_propagate_nan(tmp_acc0, at::vec::vec_reduce_all<float, 1>([](at::vec::Vectorized<float>& x, at::vec::Vectorized<float>& y) { return at::vec::maximum(x, y); }, tmp_acc0_vec));
V1009 05:06:32.055000 26196 Lib\site-packages\torch\_inductor\codecache.py:2145] [0/0] [__output_code]                     out_ptr0[static_cast<int64_t>(x0)] = static_cast<float>(tmp_acc0);
V1009 05:06:32.055000 26196 Lib\site-packages\torch\_inductor\codecache.py:2145] [0/0] [__output_code]                 }
V1009 05:06:32.055000 26196 Lib\site-packages\torch\_inductor\codecache.py:2145] [0/0] [__output_code]                 {
V1009 05:06:32.055000 26196 Lib\site-packages\torch\_inductor\codecache.py:2145] [0/0] [__output_code]                     float tmp_acc0 = 0;
V1009 05:06:32.055000 26196 Lib\site-packages\torch\_inductor\codecache.py:2145] [0/0] [__output_code]                     at::vec::Vectorized<float> tmp_acc0_vec = at::vec::Vectorized<float>(0);
V1009 05:06:32.055000 26196 Lib\site-packages\torch\_inductor\codecache.py:2145] [0/0] [__output_code]                     for(int64_t x1=static_cast<int64_t>(0LL); x1<static_cast<int64_t>(10LL); x1+=static_cast<int64_t>(8LL))
V1009 05:06:32.055000 26196 Lib\site-packages\torch\_inductor\codecache.py:2145] [0/0] [__output_code]                     {
V1009 05:06:32.055000 26196 Lib\site-packages\torch\_inductor\codecache.py:2145] [0/0] [__output_code]                         {
V1009 05:06:32.055000 26196 Lib\site-packages\torch\_inductor\codecache.py:2145] [0/0] [__output_code]                             if(C10_LIKELY(x1 >= static_cast<int64_t>(0) && x1 < static_cast<int64_t>(8LL)))
V1009 05:06:32.055000 26196 Lib\site-packages\torch\_inductor\codecache.py:2145] [0/0] [__output_code]                             {
V1009 05:06:32.055000 26196 Lib\site-packages\torch\_inductor\codecache.py:2145] [0/0] [__output_code]                                 auto tmp0 = at::vec::Vectorized<float>::loadu(in_ptr0 + static_cast<int64_t>(x1 + 10LL*x0), static_cast<int64_t>(8));
V1009 05:06:32.055000 26196 Lib\site-packages\torch\_inductor\codecache.py:2145] [0/0] [__output_code]                                 auto tmp1 = out_ptr0[static_cast<int64_t>(x0)];
V1009 05:06:32.055000 26196 Lib\site-packages\torch\_inductor\codecache.py:2145] [0/0] [__output_code]                                 auto tmp2 = at::vec::Vectorized<float>(tmp1);
V1009 05:06:32.055000 26196 Lib\site-packages\torch\_inductor\codecache.py:2145] [0/0] [__output_code]                                 auto tmp3 = tmp0 - tmp2;
V1009 05:06:32.055000 26196 Lib\site-packages\torch\_inductor\codecache.py:2145] [0/0] [__output_code]                                 auto tmp4 = tmp3.exp();
V1009 05:06:32.055000 26196 Lib\site-packages\torch\_inductor\codecache.py:2145] [0/0] [__output_code]                                 tmp4.store(local_buffer_data_0 + static_cast<int64_t>(x1));
V1009 05:06:32.055000 26196 Lib\site-packages\torch\_inductor\codecache.py:2145] [0/0] [__output_code]                                 tmp_acc0_vec = tmp_acc0_vec + tmp4;
V1009 05:06:32.055000 26196 Lib\site-packages\torch\_inductor\codecache.py:2145] [0/0] [__output_code]                             }
V1009 05:06:32.055000 26196 Lib\site-packages\torch\_inductor\codecache.py:2145] [0/0] [__output_code]                             if(C10_UNLIKELY(x1 >= static_cast<int64_t>(8LL) && x1 < static_cast<int64_t>(10LL)))
V1009 05:06:32.055000 26196 Lib\site-packages\torch\_inductor\codecache.py:2145] [0/0] [__output_code]                             {
V1009 05:06:32.055000 26196 Lib\site-packages\torch\_inductor\codecache.py:2145] [0/0] [__output_code]                                 auto tmp0 = at::vec::Vectorized<float>::loadu(in_ptr0 + static_cast<int64_t>(x1 + 10LL*x0), static_cast<int64_t>(2LL));
V1009 05:06:32.055000 26196 Lib\site-packages\torch\_inductor\codecache.py:2145] [0/0] [__output_code]                                 auto tmp1 = out_ptr0[static_cast<int64_t>(x0)];
V1009 05:06:32.055000 26196 Lib\site-packages\torch\_inductor\codecache.py:2145] [0/0] [__output_code]                                 auto tmp2 = at::vec::Vectorized<float>(tmp1);
V1009 05:06:32.055000 26196 Lib\site-packages\torch\_inductor\codecache.py:2145] [0/0] [__output_code]                                 auto tmp3 = tmp0 - tmp2;
V1009 05:06:32.055000 26196 Lib\site-packages\torch\_inductor\codecache.py:2145] [0/0] [__output_code]                                 auto tmp4 = tmp3.exp();
V1009 05:06:32.055000 26196 Lib\site-packages\torch\_inductor\codecache.py:2145] [0/0] [__output_code]                                 tmp4.store(local_buffer_data_0 + static_cast<int64_t>(x1), static_cast<int64_t>(2LL));
V1009 05:06:32.055000 26196 Lib\site-packages\torch\_inductor\codecache.py:2145] [0/0] [__output_code]                                 tmp_acc0_vec = sum_masked_reduce(tmp_acc0_vec, tmp4, static_cast<int64_t>(2LL));
V1009 05:06:32.055000 26196 Lib\site-packages\torch\_inductor\codecache.py:2145] [0/0] [__output_code]                             }
V1009 05:06:32.055000 26196 Lib\site-packages\torch\_inductor\codecache.py:2145] [0/0] [__output_code]                         }
V1009 05:06:32.055000 26196 Lib\site-packages\torch\_inductor\codecache.py:2145] [0/0] [__output_code]                     }
V1009 05:06:32.055000 26196 Lib\site-packages\torch\_inductor\codecache.py:2145] [0/0] [__output_code]                     tmp_acc0 = tmp_acc0 + at::vec::vec_reduce_all<float, 1>([](at::vec::Vectorized<float>& x, at::vec::Vectorized<float>& y) { return x + y; }, tmp_acc0_vec);
V1009 05:06:32.055000 26196 Lib\site-packages\torch\_inductor\codecache.py:2145] [0/0] [__output_code]                     out_ptr1[static_cast<int64_t>(x0)] = static_cast<float>(tmp_acc0);
V1009 05:06:32.055000 26196 Lib\site-packages\torch\_inductor\codecache.py:2145] [0/0] [__output_code]                 }
V1009 05:06:32.055000 26196 Lib\site-packages\torch\_inductor\codecache.py:2145] [0/0] [__output_code]                 for(int64_t x1=static_cast<int64_t>(0LL); x1<static_cast<int64_t>(10LL); x1+=static_cast<int64_t>(8LL))
V1009 05:06:32.055000 26196 Lib\site-packages\torch\_inductor\codecache.py:2145] [0/0] [__output_code]                 {
V1009 05:06:32.055000 26196 Lib\site-packages\torch\_inductor\codecache.py:2145] [0/0] [__output_code]                     {
V1009 05:06:32.055000 26196 Lib\site-packages\torch\_inductor\codecache.py:2145] [0/0] [__output_code]                         if(C10_LIKELY(x1 >= static_cast<int64_t>(0) && x1 < static_cast<int64_t>(8LL)))
V1009 05:06:32.055000 26196 Lib\site-packages\torch\_inductor\codecache.py:2145] [0/0] [__output_code]                         {
V1009 05:06:32.055000 26196 Lib\site-packages\torch\_inductor\codecache.py:2145] [0/0] [__output_code]                             auto tmp0 = at::vec::Vectorized<float>::loadu(local_buffer_data_0 + static_cast<int64_t>(x1), static_cast<int64_t>(8));
V1009 05:06:32.055000 26196 Lib\site-packages\torch\_inductor\codecache.py:2145] [0/0] [__output_code]                             auto tmp1 = out_ptr1[static_cast<int64_t>(x0)];
V1009 05:06:32.055000 26196 Lib\site-packages\torch\_inductor\codecache.py:2145] [0/0] [__output_code]                             auto tmp2 = at::vec::Vectorized<float>(tmp1);
V1009 05:06:32.055000 26196 Lib\site-packages\torch\_inductor\codecache.py:2145] [0/0] [__output_code]                             auto tmp3 = tmp0 / tmp2;
V1009 05:06:32.055000 26196 Lib\site-packages\torch\_inductor\codecache.py:2145] [0/0] [__output_code]                             tmp3.store(out_ptr2 + static_cast<int64_t>(x1 + 10LL*x0));
V1009 05:06:32.055000 26196 Lib\site-packages\torch\_inductor\codecache.py:2145] [0/0] [__output_code]                         }
V1009 05:06:32.055000 26196 Lib\site-packages\torch\_inductor\codecache.py:2145] [0/0] [__output_code]                         if(C10_UNLIKELY(x1 >= static_cast<int64_t>(8LL) && x1 < static_cast<int64_t>(10LL)))
V1009 05:06:32.055000 26196 Lib\site-packages\torch\_inductor\codecache.py:2145] [0/0] [__output_code]                         {
V1009 05:06:32.055000 26196 Lib\site-packages\torch\_inductor\codecache.py:2145] [0/0] [__output_code]                             auto tmp0 = at::vec::Vectorized<float>::loadu(local_buffer_data_0 + static_cast<int64_t>(x1), static_cast<int64_t>(2LL));
V1009 05:06:32.055000 26196 Lib\site-packages\torch\_inductor\codecache.py:2145] [0/0] [__output_code]                             auto tmp1 = out_ptr1[static_cast<int64_t>(x0)];
V1009 05:06:32.055000 26196 Lib\site-packages\torch\_inductor\codecache.py:2145] [0/0] [__output_code]                             auto tmp2 = at::vec::Vectorized<float>(tmp1);
V1009 05:06:32.055000 26196 Lib\site-packages\torch\_inductor\codecache.py:2145] [0/0] [__output_code]                             auto tmp3 = tmp0 / tmp2;
V1009 05:06:32.055000 26196 Lib\site-packages\torch\_inductor\codecache.py:2145] [0/0] [__output_code]                             tmp3.store(out_ptr2 + static_cast<int64_t>(x1 + 10LL*x0), static_cast<int64_t>(2LL));
V1009 05:06:32.055000 26196 Lib\site-packages\torch\_inductor\codecache.py:2145] [0/0] [__output_code]                         }
V1009 05:06:32.055000 26196 Lib\site-packages\torch\_inductor\codecache.py:2145] [0/0] [__output_code]                     }
V1009 05:06:32.055000 26196 Lib\site-packages\torch\_inductor\codecache.py:2145] [0/0] [__output_code]                 }
V1009 05:06:32.055000 26196 Lib\site-packages\torch\_inductor\codecache.py:2145] [0/0] [__output_code]             }
V1009 05:06:32.055000 26196 Lib\site-packages\torch\_inductor\codecache.py:2145] [0/0] [__output_code]         }
V1009 05:06:32.055000 26196 Lib\site-packages\torch\_inductor\codecache.py:2145] [0/0] [__output_code]     }
V1009 05:06:32.055000 26196 Lib\site-packages\torch\_inductor\codecache.py:2145] [0/0] [__output_code]     inductor_cpu_integer_div_error_flag = nullptr;
V1009 05:06:32.055000 26196 Lib\site-packages\torch\_inductor\codecache.py:2145] [0/0] [__output_code]     inductor_cpu_throw_if_integer_div_error(inductor_cpu_integer_div_error);
V1009 05:06:32.055000 26196 Lib\site-packages\torch\_inductor\codecache.py:2145] [0/0] [__output_code] }
V1009 05:06:32.055000 26196 Lib\site-packages\torch\_inductor\codecache.py:2145] [0/0] [__output_code] ''')
V1009 05:06:32.055000 26196 Lib\site-packages\torch\_inductor\codecache.py:2145] [0/0] [__output_code] 
V1009 05:06:32.055000 26196 Lib\site-packages\torch\_inductor\codecache.py:2145] [0/0] [__output_code] 
V1009 05:06:32.055000 26196 Lib\site-packages\torch\_inductor\codecache.py:2145] [0/0] [__output_code] async_compile.wait(globals())
V1009 05:06:32.055000 26196 Lib\site-packages\torch\_inductor\codecache.py:2145] [0/0] [__output_code] del async_compile
V1009 05:06:32.055000 26196 Lib\site-packages\torch\_inductor\codecache.py:2145] [0/0] [__output_code] 
V1009 05:06:32.055000 26196 Lib\site-packages\torch\_inductor\codecache.py:2145] [0/0] [__output_code] class Runner:
V1009 05:06:32.055000 26196 Lib\site-packages\torch\_inductor\codecache.py:2145] [0/0] [__output_code]     def __init__(self, partitions):
V1009 05:06:32.055000 26196 Lib\site-packages\torch\_inductor\codecache.py:2145] [0/0] [__output_code]         self.partitions = partitions
V1009 05:06:32.055000 26196 Lib\site-packages\torch\_inductor\codecache.py:2145] [0/0] [__output_code] 
V1009 05:06:32.055000 26196 Lib\site-packages\torch\_inductor\codecache.py:2145] [0/0] [__output_code]     def recursively_apply_fns(self, fns):
V1009 05:06:32.055000 26196 Lib\site-packages\torch\_inductor\codecache.py:2145] [0/0] [__output_code]         new_callables = []
V1009 05:06:32.055000 26196 Lib\site-packages\torch\_inductor\codecache.py:2145] [0/0] [__output_code]         for fn, c in zip(fns, self.partitions):
V1009 05:06:32.055000 26196 Lib\site-packages\torch\_inductor\codecache.py:2145] [0/0] [__output_code]             new_callables.append(fn(c))
V1009 05:06:32.055000 26196 Lib\site-packages\torch\_inductor\codecache.py:2145] [0/0] [__output_code]         self.partitions = new_callables
V1009 05:06:32.055000 26196 Lib\site-packages\torch\_inductor\codecache.py:2145] [0/0] [__output_code] 
V1009 05:06:32.055000 26196 Lib\site-packages\torch\_inductor\codecache.py:2145] [0/0] [__output_code]     def call(self, args):
V1009 05:06:32.055000 26196 Lib\site-packages\torch\_inductor\codecache.py:2145] [0/0] [__output_code]         arg0_1, arg1_1, arg2_1, arg3_1, arg4_1, arg5_1, arg6_1 = args
V1009 05:06:32.055000 26196 Lib\site-packages\torch\_inductor\codecache.py:2145] [0/0] [__output_code]         args.clear()
V1009 05:06:32.055000 26196 Lib\site-packages\torch\_inductor\codecache.py:2145] [0/0] [__output_code]         assert_size_stride_grouped((arg1_1, arg2_1, arg0_1), ((256, ), (1000, 784), (256, 784)), ((1, ), (784, 1), (784, 1)), 'input')
V1009 05:06:32.055000 26196 Lib\site-packages\torch\_inductor\codecache.py:2145] [0/0] [__output_code]         buf0 = empty_strided_cpu((1000, 256), (256, 1), torch.float32)
V1009 05:06:32.055000 26196 Lib\site-packages\torch\_inductor\codecache.py:2145] [0/0] [__output_code]         # Topologically Sorted Source Nodes: [linear], Original ATen: [aten.t, aten.addmm]
V1009 05:06:32.055000 26196 Lib\site-packages\torch\_inductor\codecache.py:2145] [0/0] [__output_code]         extern_kernels.addmm(arg1_1, arg2_1, reinterpret_tensor(arg0_1, (784, 256), (1, 784), 0), alpha=1, beta=1, out=buf0)
V1009 05:06:32.055000 26196 Lib\site-packages\torch\_inductor\codecache.py:2145] [0/0] [__output_code]         del arg0_1
V1009 05:06:32.055000 26196 Lib\site-packages\torch\_inductor\codecache.py:2145] [0/0] [__output_code]         del arg1_1
V1009 05:06:32.055000 26196 Lib\site-packages\torch\_inductor\codecache.py:2145] [0/0] [__output_code]         del arg2_1
V1009 05:06:32.055000 26196 Lib\site-packages\torch\_inductor\codecache.py:2145] [0/0] [__output_code]         buf1 = buf0; del buf0  # reuse
V1009 05:06:32.055000 26196 Lib\site-packages\torch\_inductor\codecache.py:2145] [0/0] [__output_code]         assert_size_stride_grouped((arg4_1, arg3_1), ((256, ), (256, 256)), ((1, ), (256, 1)), 'input')
V1009 05:06:32.055000 26196 Lib\site-packages\torch\_inductor\codecache.py:2145] [0/0] [__output_code]         cpp_fused_relu_0(buf1)
V1009 05:06:32.055000 26196 Lib\site-packages\torch\_inductor\codecache.py:2145] [0/0] [__output_code]         buf2 = empty_strided_cpu((1000, 256), (256, 1), torch.float32)
V1009 05:06:32.055000 26196 Lib\site-packages\torch\_inductor\codecache.py:2145] [0/0] [__output_code]         # Topologically Sorted Source Nodes: [x, linear_1], Original ATen: [aten.relu, aten.t, aten.addmm]
V1009 05:06:32.055000 26196 Lib\site-packages\torch\_inductor\codecache.py:2145] [0/0] [__output_code]         extern_kernels.addmm(arg4_1, buf1, reinterpret_tensor(arg3_1, (256, 256), (1, 256), 0), alpha=1, beta=1, out=buf2)
V1009 05:06:32.055000 26196 Lib\site-packages\torch\_inductor\codecache.py:2145] [0/0] [__output_code]         del arg3_1
V1009 05:06:32.055000 26196 Lib\site-packages\torch\_inductor\codecache.py:2145] [0/0] [__output_code]         del arg4_1
V1009 05:06:32.055000 26196 Lib\site-packages\torch\_inductor\codecache.py:2145] [0/0] [__output_code]         del buf1
V1009 05:06:32.055000 26196 Lib\site-packages\torch\_inductor\codecache.py:2145] [0/0] [__output_code]         buf3 = buf2; del buf2  # reuse
V1009 05:06:32.055000 26196 Lib\site-packages\torch\_inductor\codecache.py:2145] [0/0] [__output_code]         assert_size_stride_grouped((arg6_1, arg5_1), ((10, ), (10, 256)), ((1, ), (256, 1)), 'input')
V1009 05:06:32.055000 26196 Lib\site-packages\torch\_inductor\codecache.py:2145] [0/0] [__output_code]         cpp_fused_relu_0(buf3)
V1009 05:06:32.055000 26196 Lib\site-packages\torch\_inductor\codecache.py:2145] [0/0] [__output_code]         buf4 = empty_strided_cpu((1000, 10), (10, 1), torch.float32)
V1009 05:06:32.055000 26196 Lib\site-packages\torch\_inductor\codecache.py:2145] [0/0] [__output_code]         # Topologically Sorted Source Nodes: [x_1, linear_2], Original ATen: [aten.relu, aten.t, aten.addmm]
V1009 05:06:32.055000 26196 Lib\site-packages\torch\_inductor\codecache.py:2145] [0/0] [__output_code]         extern_kernels.addmm(arg6_1, buf3, reinterpret_tensor(arg5_1, (256, 10), (1, 256), 0), alpha=1, beta=1, out=buf4)
V1009 05:06:32.055000 26196 Lib\site-packages\torch\_inductor\codecache.py:2145] [0/0] [__output_code]         del arg5_1
V1009 05:06:32.055000 26196 Lib\site-packages\torch\_inductor\codecache.py:2145] [0/0] [__output_code]         del arg6_1
V1009 05:06:32.055000 26196 Lib\site-packages\torch\_inductor\codecache.py:2145] [0/0] [__output_code]         del buf3
V1009 05:06:32.055000 26196 Lib\site-packages\torch\_inductor\codecache.py:2145] [0/0] [__output_code]         buf5 = empty_strided_cpu((1000, 1), (1, 1000), torch.float32)
V1009 05:06:32.055000 26196 Lib\site-packages\torch\_inductor\codecache.py:2145] [0/0] [__output_code]         buf7 = empty_strided_cpu((1000, 1), (1, 1000), torch.float32)
V1009 05:06:32.055000 26196 Lib\site-packages\torch\_inductor\codecache.py:2145] [0/0] [__output_code]         buf8 = empty_strided_cpu((1000, 10), (10, 1), torch.float32)
V1009 05:06:32.055000 26196 Lib\site-packages\torch\_inductor\codecache.py:2145] [0/0] [__output_code]         cpp_fused__softmax_1(buf4, buf5, buf7, buf8)
V1009 05:06:32.055000 26196 Lib\site-packages\torch\_inductor\codecache.py:2145] [0/0] [__output_code]         return (buf8, )
V1009 05:06:32.055000 26196 Lib\site-packages\torch\_inductor\codecache.py:2145] [0/0] [__output_code] 
V1009 05:06:32.055000 26196 Lib\site-packages\torch\_inductor\codecache.py:2145] [0/0] [__output_code] runner = Runner(partitions=[])
V1009 05:06:32.055000 26196 Lib\site-packages\torch\_inductor\codecache.py:2145] [0/0] [__output_code] call = runner.call
V1009 05:06:32.055000 26196 Lib\site-packages\torch\_inductor\codecache.py:2145] [0/0] [__output_code] recursively_apply_fns = runner.recursively_apply_fns
V1009 05:06:32.055000 26196 Lib\site-packages\torch\_inductor\codecache.py:2145] [0/0] [__output_code] 
V1009 05:06:32.055000 26196 Lib\site-packages\torch\_inductor\codecache.py:2145] [0/0] [__output_code] 
V1009 05:06:32.055000 26196 Lib\site-packages\torch\_inductor\codecache.py:2145] [0/0] [__output_code] def get_args():
V1009 05:06:32.055000 26196 Lib\site-packages\torch\_inductor\codecache.py:2145] [0/0] [__output_code]     from torch._dynamo.testing import rand_strided
V1009 05:06:32.055000 26196 Lib\site-packages\torch\_inductor\codecache.py:2145] [0/0] [__output_code]     arg0_1 = rand_strided((256, 784), (784, 1), device='cpu', dtype=torch.float32)
V1009 05:06:32.055000 26196 Lib\site-packages\torch\_inductor\codecache.py:2145] [0/0] [__output_code]     arg1_1 = rand_strided((256, ), (1, ), device='cpu', dtype=torch.float32)
V1009 05:06:32.055000 26196 Lib\site-packages\torch\_inductor\codecache.py:2145] [0/0] [__output_code]     arg2_1 = rand_strided((1000, 784), (784, 1), device='cpu', dtype=torch.float32)
V1009 05:06:32.055000 26196 Lib\site-packages\torch\_inductor\codecache.py:2145] [0/0] [__output_code]     arg3_1 = rand_strided((256, 256), (256, 1), device='cpu', dtype=torch.float32)
V1009 05:06:32.055000 26196 Lib\site-packages\torch\_inductor\codecache.py:2145] [0/0] [__output_code]     arg4_1 = rand_strided((256, ), (1, ), device='cpu', dtype=torch.float32)
V1009 05:06:32.055000 26196 Lib\site-packages\torch\_inductor\codecache.py:2145] [0/0] [__output_code]     arg5_1 = rand_strided((10, 256), (256, 1), device='cpu', dtype=torch.float32)
V1009 05:06:32.055000 26196 Lib\site-packages\torch\_inductor\codecache.py:2145] [0/0] [__output_code]     arg6_1 = rand_strided((10, ), (1, ), device='cpu', dtype=torch.float32)
V1009 05:06:32.055000 26196 Lib\site-packages\torch\_inductor\codecache.py:2145] [0/0] [__output_code]     return [arg0_1, arg1_1, arg2_1, arg3_1, arg4_1, arg5_1, arg6_1]
V1009 05:06:32.055000 26196 Lib\site-packages\torch\_inductor\codecache.py:2145] [0/0] [__output_code] 
V1009 05:06:32.055000 26196 Lib\site-packages\torch\_inductor\codecache.py:2145] [0/0] [__output_code] 
V1009 05:06:32.055000 26196 Lib\site-packages\torch\_inductor\codecache.py:2145] [0/0] [__output_code] def benchmark_compiled_module(args, times=10, repeat=10):
V1009 05:06:32.055000 26196 Lib\site-packages\torch\_inductor\codecache.py:2145] [0/0] [__output_code]     from torch._inductor.utils import print_performance
V1009 05:06:32.055000 26196 Lib\site-packages\torch\_inductor\codecache.py:2145] [0/0] [__output_code]     fn = lambda: call(list(args))
V1009 05:06:32.055000 26196 Lib\site-packages\torch\_inductor\codecache.py:2145] [0/0] [__output_code]     return print_performance(fn, times=times, repeat=repeat, device='cpu')
V1009 05:06:32.055000 26196 Lib\site-packages\torch\_inductor\codecache.py:2145] [0/0] [__output_code] 
V1009 05:06:32.055000 26196 Lib\site-packages\torch\_inductor\codecache.py:2145] [0/0] [__output_code] 
V1009 05:06:32.055000 26196 Lib\site-packages\torch\_inductor\codecache.py:2145] [0/0] [__output_code] if __name__ == "__main__":
V1009 05:06:32.055000 26196 Lib\site-packages\torch\_inductor\codecache.py:2145] [0/0] [__output_code]     from torch._inductor.wrapper_benchmark import compiled_module_main
V1009 05:06:32.055000 26196 Lib\site-packages\torch\_inductor\codecache.py:2145] [0/0] [__output_code]     args = get_args()
V1009 05:06:32.055000 26196 Lib\site-packages\torch\_inductor\codecache.py:2145] [0/0] [__output_code]     compiled_module_main('None', lambda times, repeat: benchmark_compiled_module(args, times=times, repeat=repeat))
V1009 05:06:32.055000 26196 Lib\site-packages\torch\_inductor\codecache.py:2145] [0/0] [__output_code] 
V1009 05:06:32.056000 26196 Lib\site-packages\torch\_inductor\codecache.py:2146] [0/0] [__output_code] Output code written to: H:\maxbound_cache\inductor\bv\cbvf2gjxj3ubg6bjxtgyf42q7dzsez2edsbv2af4c7sxqilid6kv.py
V1009 05:06:33.066000 26196 Lib\site-packages\torch\_inductor\codecache.py:2145] [0/1] [__output_code] Output code: 
V1009 05:06:33.066000 26196 Lib\site-packages\torch\_inductor\codecache.py:2145] [0/1] [__output_code] # AOT ID: ['1_inference']
V1009 05:06:33.066000 26196 Lib\site-packages\torch\_inductor\codecache.py:2145] [0/1] [__output_code] from ctypes import c_void_p, c_long, c_int
V1009 05:06:33.066000 26196 Lib\site-packages\torch\_inductor\codecache.py:2145] [0/1] [__output_code] import torch
V1009 05:06:33.066000 26196 Lib\site-packages\torch\_inductor\codecache.py:2145] [0/1] [__output_code] import math
V1009 05:06:33.066000 26196 Lib\site-packages\torch\_inductor\codecache.py:2145] [0/1] [__output_code] import random
V1009 05:06:33.066000 26196 Lib\site-packages\torch\_inductor\codecache.py:2145] [0/1] [__output_code] import os
V1009 05:06:33.066000 26196 Lib\site-packages\torch\_inductor\codecache.py:2145] [0/1] [__output_code] import tempfile
V1009 05:06:33.066000 26196 Lib\site-packages\torch\_inductor\codecache.py:2145] [0/1] [__output_code] from math import inf, nan
V1009 05:06:33.066000 26196 Lib\site-packages\torch\_inductor\codecache.py:2145] [0/1] [__output_code] from cmath import nanj
V1009 05:06:33.066000 26196 Lib\site-packages\torch\_inductor\codecache.py:2145] [0/1] [__output_code] from torch._inductor.hooks import run_intermediate_hooks
V1009 05:06:33.066000 26196 Lib\site-packages\torch\_inductor\codecache.py:2145] [0/1] [__output_code] from torch._inductor.utils import maybe_profile
V1009 05:06:33.066000 26196 Lib\site-packages\torch\_inductor\codecache.py:2145] [0/1] [__output_code] from torch._inductor.codegen.memory_planning import _align as align
V1009 05:06:33.066000 26196 Lib\site-packages\torch\_inductor\codecache.py:2145] [0/1] [__output_code] from torch import device, empty_strided
V1009 05:06:33.066000 26196 Lib\site-packages\torch\_inductor\codecache.py:2145] [0/1] [__output_code] from torch._inductor.async_compile import AsyncCompile
V1009 05:06:33.066000 26196 Lib\site-packages\torch\_inductor\codecache.py:2145] [0/1] [__output_code] from torch._inductor.select_algorithm import extern_kernels
V1009 05:06:33.066000 26196 Lib\site-packages\torch\_inductor\codecache.py:2145] [0/1] [__output_code] 
V1009 05:06:33.066000 26196 Lib\site-packages\torch\_inductor\codecache.py:2145] [0/1] [__output_code] aten = torch.ops.aten
V1009 05:06:33.066000 26196 Lib\site-packages\torch\_inductor\codecache.py:2145] [0/1] [__output_code] inductor_ops = torch.ops.inductor
V1009 05:06:33.066000 26196 Lib\site-packages\torch\_inductor\codecache.py:2145] [0/1] [__output_code] _quantized = torch.ops._quantized
V1009 05:06:33.066000 26196 Lib\site-packages\torch\_inductor\codecache.py:2145] [0/1] [__output_code] assert_size_stride = torch._C._dynamo.guards.assert_size_stride
V1009 05:06:33.066000 26196 Lib\site-packages\torch\_inductor\codecache.py:2145] [0/1] [__output_code] assert_size_stride_grouped = torch._C._dynamo.guards.assert_size_stride_grouped
V1009 05:06:33.066000 26196 Lib\site-packages\torch\_inductor\codecache.py:2145] [0/1] [__output_code] assert_alignment = torch._C._dynamo.guards.assert_alignment
V1009 05:06:33.066000 26196 Lib\site-packages\torch\_inductor\codecache.py:2145] [0/1] [__output_code] empty_strided_cpu = torch._C._dynamo.guards._empty_strided_cpu
V1009 05:06:33.066000 26196 Lib\site-packages\torch\_inductor\codecache.py:2145] [0/1] [__output_code] empty_strided_cpu_pinned = torch._C._dynamo.guards._empty_strided_cpu_pinned
V1009 05:06:33.066000 26196 Lib\site-packages\torch\_inductor\codecache.py:2145] [0/1] [__output_code] empty_strided_cuda = torch._C._dynamo.guards._empty_strided_cuda
V1009 05:06:33.066000 26196 Lib\site-packages\torch\_inductor\codecache.py:2145] [0/1] [__output_code] empty_strided_xpu = torch._C._dynamo.guards._empty_strided_xpu
V1009 05:06:33.066000 26196 Lib\site-packages\torch\_inductor\codecache.py:2145] [0/1] [__output_code] empty_strided_mtia = torch._C._dynamo.guards._empty_strided_mtia
V1009 05:06:33.066000 26196 Lib\site-packages\torch\_inductor\codecache.py:2145] [0/1] [__output_code] reinterpret_tensor = torch._C._dynamo.guards._reinterpret_tensor
V1009 05:06:33.066000 26196 Lib\site-packages\torch\_inductor\codecache.py:2145] [0/1] [__output_code] alloc_from_pool = torch.ops.inductor._alloc_from_pool
V1009 05:06:33.066000 26196 Lib\site-packages\torch\_inductor\codecache.py:2145] [0/1] [__output_code] async_compile = AsyncCompile()
V1009 05:06:33.066000 26196 Lib\site-packages\torch\_inductor\codecache.py:2145] [0/1] [__output_code] empty_strided_p2p = torch._C._distributed_c10d._SymmetricMemory.empty_strided_p2p
V1009 05:06:33.066000 26196 Lib\site-packages\torch\_inductor\codecache.py:2145] [0/1] [__output_code] 
V1009 05:06:33.066000 26196 Lib\site-packages\torch\_inductor\codecache.py:2145] [0/1] [__output_code] 
V1009 05:06:33.066000 26196 Lib\site-packages\torch\_inductor\codecache.py:2145] [0/1] [__output_code] cpp_fused_relu_0 = async_compile.cpp_pybinding(['float*', 'const int64_t'], r'''
V1009 05:06:33.066000 26196 Lib\site-packages\torch\_inductor\codecache.py:2145] [0/1] [__output_code] #include <torch/csrc/inductor/cpp_prefix.h>
V1009 05:06:33.066000 26196 Lib\site-packages\torch\_inductor\codecache.py:2145] [0/1] [__output_code] extern "C" __declspec(dllexport) void  kernel(float* in_out_ptr0,
V1009 05:06:33.066000 26196 Lib\site-packages\torch\_inductor\codecache.py:2145] [0/1] [__output_code]                        const int64_t ks0)
V1009 05:06:33.066000 26196 Lib\site-packages\torch\_inductor\codecache.py:2145] [0/1] [__output_code] {
V1009 05:06:33.066000 26196 Lib\site-packages\torch\_inductor\codecache.py:2145] [0/1] [__output_code]     std::atomic<int> inductor_cpu_integer_div_error{0};
V1009 05:06:33.066000 26196 Lib\site-packages\torch\_inductor\codecache.py:2145] [0/1] [__output_code]     inductor_cpu_integer_div_error_flag = &inductor_cpu_integer_div_error;
V1009 05:06:33.066000 26196 Lib\site-packages\torch\_inductor\codecache.py:2145] [0/1] [__output_code]     #pragma omp parallel num_threads(8)
V1009 05:06:33.066000 26196 Lib\site-packages\torch\_inductor\codecache.py:2145] [0/1] [__output_code]     {
V1009 05:06:33.066000 26196 Lib\site-packages\torch\_inductor\codecache.py:2145] [0/1] [__output_code]         int tid = omp_get_thread_num();
V1009 05:06:33.066000 26196 Lib\site-packages\torch\_inductor\codecache.py:2145] [0/1] [__output_code]         {
V1009 05:06:33.066000 26196 Lib\site-packages\torch\_inductor\codecache.py:2145] [0/1] [__output_code]             #pragma omp for
V1009 05:06:33.066000 26196 Lib\site-packages\torch\_inductor\codecache.py:2145] [0/1] [__output_code]             for(int64_t x0=static_cast<int64_t>(0LL); x0<static_cast<int64_t>(256LL*ks0); x0+=static_cast<int64_t>(8LL))
V1009 05:06:33.066000 26196 Lib\site-packages\torch\_inductor\codecache.py:2145] [0/1] [__output_code]             {
V1009 05:06:33.066000 26196 Lib\site-packages\torch\_inductor\codecache.py:2145] [0/1] [__output_code]                 {
V1009 05:06:33.066000 26196 Lib\site-packages\torch\_inductor\codecache.py:2145] [0/1] [__output_code]                     if(C10_LIKELY(x0 >= static_cast<int64_t>(0) && x0 < static_cast<int64_t>(256LL*ks0)))
V1009 05:06:33.066000 26196 Lib\site-packages\torch\_inductor\codecache.py:2145] [0/1] [__output_code]                     {
V1009 05:06:33.066000 26196 Lib\site-packages\torch\_inductor\codecache.py:2145] [0/1] [__output_code]                         auto tmp0 = at::vec::Vectorized<float>::loadu(in_out_ptr0 + static_cast<int64_t>(x0), static_cast<int64_t>(8));
V1009 05:06:33.066000 26196 Lib\site-packages\torch\_inductor\codecache.py:2145] [0/1] [__output_code]                         auto tmp1 = at::vec::clamp_min(tmp0, decltype(tmp0)(0));
V1009 05:06:33.066000 26196 Lib\site-packages\torch\_inductor\codecache.py:2145] [0/1] [__output_code]                         tmp1.store(in_out_ptr0 + static_cast<int64_t>(x0));
V1009 05:06:33.066000 26196 Lib\site-packages\torch\_inductor\codecache.py:2145] [0/1] [__output_code]                     }
V1009 05:06:33.066000 26196 Lib\site-packages\torch\_inductor\codecache.py:2145] [0/1] [__output_code]                 }
V1009 05:06:33.066000 26196 Lib\site-packages\torch\_inductor\codecache.py:2145] [0/1] [__output_code]             }
V1009 05:06:33.066000 26196 Lib\site-packages\torch\_inductor\codecache.py:2145] [0/1] [__output_code]         }
V1009 05:06:33.066000 26196 Lib\site-packages\torch\_inductor\codecache.py:2145] [0/1] [__output_code]     }
V1009 05:06:33.066000 26196 Lib\site-packages\torch\_inductor\codecache.py:2145] [0/1] [__output_code]     inductor_cpu_integer_div_error_flag = nullptr;
V1009 05:06:33.066000 26196 Lib\site-packages\torch\_inductor\codecache.py:2145] [0/1] [__output_code]     inductor_cpu_throw_if_integer_div_error(inductor_cpu_integer_div_error);
V1009 05:06:33.066000 26196 Lib\site-packages\torch\_inductor\codecache.py:2145] [0/1] [__output_code] }
V1009 05:06:33.066000 26196 Lib\site-packages\torch\_inductor\codecache.py:2145] [0/1] [__output_code] ''')
V1009 05:06:33.066000 26196 Lib\site-packages\torch\_inductor\codecache.py:2145] [0/1] [__output_code] 
V1009 05:06:33.066000 26196 Lib\site-packages\torch\_inductor\codecache.py:2145] [0/1] [__output_code] 
V1009 05:06:33.066000 26196 Lib\site-packages\torch\_inductor\codecache.py:2145] [0/1] [__output_code] cpp_fused__softmax_1 = async_compile.cpp_pybinding(['const float*', 'float*', 'float*', 'float*', 'const int64_t'], r'''
V1009 05:06:33.066000 26196 Lib\site-packages\torch\_inductor\codecache.py:2145] [0/1] [__output_code] #include <torch/csrc/inductor/cpp_prefix.h>
V1009 05:06:33.066000 26196 Lib\site-packages\torch\_inductor\codecache.py:2145] [0/1] [__output_code] extern "C" __declspec(dllexport) void  kernel(const float* in_ptr0,
V1009 05:06:33.066000 26196 Lib\site-packages\torch\_inductor\codecache.py:2145] [0/1] [__output_code]                        float* out_ptr0,
V1009 05:06:33.066000 26196 Lib\site-packages\torch\_inductor\codecache.py:2145] [0/1] [__output_code]                        float* out_ptr1,
V1009 05:06:33.066000 26196 Lib\site-packages\torch\_inductor\codecache.py:2145] [0/1] [__output_code]                        float* out_ptr2,
V1009 05:06:33.066000 26196 Lib\site-packages\torch\_inductor\codecache.py:2145] [0/1] [__output_code]                        const int64_t ks0)
V1009 05:06:33.066000 26196 Lib\site-packages\torch\_inductor\codecache.py:2145] [0/1] [__output_code] {
V1009 05:06:33.066000 26196 Lib\site-packages\torch\_inductor\codecache.py:2145] [0/1] [__output_code]     std::atomic<int> inductor_cpu_integer_div_error{0};
V1009 05:06:33.066000 26196 Lib\site-packages\torch\_inductor\codecache.py:2145] [0/1] [__output_code]     inductor_cpu_integer_div_error_flag = &inductor_cpu_integer_div_error;
V1009 05:06:33.066000 26196 Lib\site-packages\torch\_inductor\codecache.py:2145] [0/1] [__output_code]     {
V1009 05:06:33.066000 26196 Lib\site-packages\torch\_inductor\codecache.py:2145] [0/1] [__output_code]         std::unique_ptr<float []> buf_local_buffer_data_0 = std::make_unique<float []>(10LL);
V1009 05:06:33.066000 26196 Lib\site-packages\torch\_inductor\codecache.py:2145] [0/1] [__output_code]         float* local_buffer_data_0 = buf_local_buffer_data_0.get();
V1009 05:06:33.066000 26196 Lib\site-packages\torch\_inductor\codecache.py:2145] [0/1] [__output_code]         for(int64_t x0=static_cast<int64_t>(0LL); x0<static_cast<int64_t>(ks0); x0+=static_cast<int64_t>(1LL))
V1009 05:06:33.066000 26196 Lib\site-packages\torch\_inductor\codecache.py:2145] [0/1] [__output_code]         {
V1009 05:06:33.066000 26196 Lib\site-packages\torch\_inductor\codecache.py:2145] [0/1] [__output_code]             {
V1009 05:06:33.066000 26196 Lib\site-packages\torch\_inductor\codecache.py:2145] [0/1] [__output_code]                 float tmp_acc0 = -std::numeric_limits<float>::infinity();
V1009 05:06:33.066000 26196 Lib\site-packages\torch\_inductor\codecache.py:2145] [0/1] [__output_code]                 at::vec::Vectorized<float> tmp_acc0_vec = at::vec::Vectorized<float>(-std::numeric_limits<float>::infinity());
V1009 05:06:33.066000 26196 Lib\site-packages\torch\_inductor\codecache.py:2145] [0/1] [__output_code]                 for(int64_t x1=static_cast<int64_t>(0LL); x1<static_cast<int64_t>(10LL); x1+=static_cast<int64_t>(8LL))
V1009 05:06:33.066000 26196 Lib\site-packages\torch\_inductor\codecache.py:2145] [0/1] [__output_code]                 {
V1009 05:06:33.066000 26196 Lib\site-packages\torch\_inductor\codecache.py:2145] [0/1] [__output_code]                     {
V1009 05:06:33.066000 26196 Lib\site-packages\torch\_inductor\codecache.py:2145] [0/1] [__output_code]                         if(C10_LIKELY(x1 >= static_cast<int64_t>(0) && x1 < static_cast<int64_t>(8LL)))
V1009 05:06:33.066000 26196 Lib\site-packages\torch\_inductor\codecache.py:2145] [0/1] [__output_code]                         {
V1009 05:06:33.066000 26196 Lib\site-packages\torch\_inductor\codecache.py:2145] [0/1] [__output_code]                             auto tmp0 = at::vec::Vectorized<float>::loadu(in_ptr0 + static_cast<int64_t>(x1 + 10LL*x0), static_cast<int64_t>(8));
V1009 05:06:33.066000 26196 Lib\site-packages\torch\_inductor\codecache.py:2145] [0/1] [__output_code]                             tmp_acc0_vec = at::vec::maximum(tmp_acc0_vec, tmp0);
V1009 05:06:33.066000 26196 Lib\site-packages\torch\_inductor\codecache.py:2145] [0/1] [__output_code]                         }
V1009 05:06:33.066000 26196 Lib\site-packages\torch\_inductor\codecache.py:2145] [0/1] [__output_code]                         if(C10_UNLIKELY(x1 >= static_cast<int64_t>(8LL) && x1 < static_cast<int64_t>(10LL)))
V1009 05:06:33.066000 26196 Lib\site-packages\torch\_inductor\codecache.py:2145] [0/1] [__output_code]                         {
V1009 05:06:33.066000 26196 Lib\site-packages\torch\_inductor\codecache.py:2145] [0/1] [__output_code]                             auto tmp0 = at::vec::Vectorized<float>::loadu(in_ptr0 + static_cast<int64_t>(x1 + 10LL*x0), static_cast<int64_t>(2LL));
V1009 05:06:33.066000 26196 Lib\site-packages\torch\_inductor\codecache.py:2145] [0/1] [__output_code]                             tmp_acc0_vec = max_masked_reduce(tmp_acc0_vec, tmp0, static_cast<int64_t>(2LL));
V1009 05:06:33.066000 26196 Lib\site-packages\torch\_inductor\codecache.py:2145] [0/1] [__output_code]                         }
V1009 05:06:33.066000 26196 Lib\site-packages\torch\_inductor\codecache.py:2145] [0/1] [__output_code]                     }
V1009 05:06:33.066000 26196 Lib\site-packages\torch\_inductor\codecache.py:2145] [0/1] [__output_code]                 }
V1009 05:06:33.066000 26196 Lib\site-packages\torch\_inductor\codecache.py:2145] [0/1] [__output_code]                 tmp_acc0 = max_propagate_nan(tmp_acc0, at::vec::vec_reduce_all<float, 1>([](at::vec::Vectorized<float>& x, at::vec::Vectorized<float>& y) { return at::vec::maximum(x, y); }, tmp_acc0_vec));
V1009 05:06:33.066000 26196 Lib\site-packages\torch\_inductor\codecache.py:2145] [0/1] [__output_code]                 out_ptr0[static_cast<int64_t>(x0)] = static_cast<float>(tmp_acc0);
V1009 05:06:33.066000 26196 Lib\site-packages\torch\_inductor\codecache.py:2145] [0/1] [__output_code]             }
V1009 05:06:33.066000 26196 Lib\site-packages\torch\_inductor\codecache.py:2145] [0/1] [__output_code]             {
V1009 05:06:33.066000 26196 Lib\site-packages\torch\_inductor\codecache.py:2145] [0/1] [__output_code]                 float tmp_acc0 = 0;
V1009 05:06:33.066000 26196 Lib\site-packages\torch\_inductor\codecache.py:2145] [0/1] [__output_code]                 at::vec::Vectorized<float> tmp_acc0_vec = at::vec::Vectorized<float>(0);
V1009 05:06:33.066000 26196 Lib\site-packages\torch\_inductor\codecache.py:2145] [0/1] [__output_code]                 for(int64_t x1=static_cast<int64_t>(0LL); x1<static_cast<int64_t>(10LL); x1+=static_cast<int64_t>(8LL))
V1009 05:06:33.066000 26196 Lib\site-packages\torch\_inductor\codecache.py:2145] [0/1] [__output_code]                 {
V1009 05:06:33.066000 26196 Lib\site-packages\torch\_inductor\codecache.py:2145] [0/1] [__output_code]                     {
V1009 05:06:33.066000 26196 Lib\site-packages\torch\_inductor\codecache.py:2145] [0/1] [__output_code]                         if(C10_LIKELY(x1 >= static_cast<int64_t>(0) && x1 < static_cast<int64_t>(8LL)))
V1009 05:06:33.066000 26196 Lib\site-packages\torch\_inductor\codecache.py:2145] [0/1] [__output_code]                         {
V1009 05:06:33.066000 26196 Lib\site-packages\torch\_inductor\codecache.py:2145] [0/1] [__output_code]                             auto tmp0 = at::vec::Vectorized<float>::loadu(in_ptr0 + static_cast<int64_t>(x1 + 10LL*x0), static_cast<int64_t>(8));
V1009 05:06:33.066000 26196 Lib\site-packages\torch\_inductor\codecache.py:2145] [0/1] [__output_code]                             auto tmp1 = out_ptr0[static_cast<int64_t>(x0)];
V1009 05:06:33.066000 26196 Lib\site-packages\torch\_inductor\codecache.py:2145] [0/1] [__output_code]                             auto tmp2 = at::vec::Vectorized<float>(tmp1);
V1009 05:06:33.066000 26196 Lib\site-packages\torch\_inductor\codecache.py:2145] [0/1] [__output_code]                             auto tmp3 = tmp0 - tmp2;
V1009 05:06:33.066000 26196 Lib\site-packages\torch\_inductor\codecache.py:2145] [0/1] [__output_code]                             auto tmp4 = tmp3.exp();
V1009 05:06:33.066000 26196 Lib\site-packages\torch\_inductor\codecache.py:2145] [0/1] [__output_code]                             tmp4.store(local_buffer_data_0 + static_cast<int64_t>(x1));
V1009 05:06:33.066000 26196 Lib\site-packages\torch\_inductor\codecache.py:2145] [0/1] [__output_code]                             tmp_acc0_vec = tmp_acc0_vec + tmp4;
V1009 05:06:33.066000 26196 Lib\site-packages\torch\_inductor\codecache.py:2145] [0/1] [__output_code]                         }
V1009 05:06:33.066000 26196 Lib\site-packages\torch\_inductor\codecache.py:2145] [0/1] [__output_code]                         if(C10_UNLIKELY(x1 >= static_cast<int64_t>(8LL) && x1 < static_cast<int64_t>(10LL)))
V1009 05:06:33.066000 26196 Lib\site-packages\torch\_inductor\codecache.py:2145] [0/1] [__output_code]                         {
V1009 05:06:33.066000 26196 Lib\site-packages\torch\_inductor\codecache.py:2145] [0/1] [__output_code]                             auto tmp0 = at::vec::Vectorized<float>::loadu(in_ptr0 + static_cast<int64_t>(x1 + 10LL*x0), static_cast<int64_t>(2LL));
V1009 05:06:33.066000 26196 Lib\site-packages\torch\_inductor\codecache.py:2145] [0/1] [__output_code]                             auto tmp1 = out_ptr0[static_cast<int64_t>(x0)];
V1009 05:06:33.066000 26196 Lib\site-packages\torch\_inductor\codecache.py:2145] [0/1] [__output_code]                             auto tmp2 = at::vec::Vectorized<float>(tmp1);
V1009 05:06:33.066000 26196 Lib\site-packages\torch\_inductor\codecache.py:2145] [0/1] [__output_code]                             auto tmp3 = tmp0 - tmp2;
V1009 05:06:33.066000 26196 Lib\site-packages\torch\_inductor\codecache.py:2145] [0/1] [__output_code]                             auto tmp4 = tmp3.exp();
V1009 05:06:33.066000 26196 Lib\site-packages\torch\_inductor\codecache.py:2145] [0/1] [__output_code]                             tmp4.store(local_buffer_data_0 + static_cast<int64_t>(x1), static_cast<int64_t>(2LL));
V1009 05:06:33.066000 26196 Lib\site-packages\torch\_inductor\codecache.py:2145] [0/1] [__output_code]                             tmp_acc0_vec = sum_masked_reduce(tmp_acc0_vec, tmp4, static_cast<int64_t>(2LL));
V1009 05:06:33.066000 26196 Lib\site-packages\torch\_inductor\codecache.py:2145] [0/1] [__output_code]                         }
V1009 05:06:33.066000 26196 Lib\site-packages\torch\_inductor\codecache.py:2145] [0/1] [__output_code]                     }
V1009 05:06:33.066000 26196 Lib\site-packages\torch\_inductor\codecache.py:2145] [0/1] [__output_code]                 }
V1009 05:06:33.066000 26196 Lib\site-packages\torch\_inductor\codecache.py:2145] [0/1] [__output_code]                 tmp_acc0 = tmp_acc0 + at::vec::vec_reduce_all<float, 1>([](at::vec::Vectorized<float>& x, at::vec::Vectorized<float>& y) { return x + y; }, tmp_acc0_vec);
V1009 05:06:33.066000 26196 Lib\site-packages\torch\_inductor\codecache.py:2145] [0/1] [__output_code]                 out_ptr1[static_cast<int64_t>(x0)] = static_cast<float>(tmp_acc0);
V1009 05:06:33.066000 26196 Lib\site-packages\torch\_inductor\codecache.py:2145] [0/1] [__output_code]             }
V1009 05:06:33.066000 26196 Lib\site-packages\torch\_inductor\codecache.py:2145] [0/1] [__output_code]             for(int64_t x1=static_cast<int64_t>(0LL); x1<static_cast<int64_t>(10LL); x1+=static_cast<int64_t>(8LL))
V1009 05:06:33.066000 26196 Lib\site-packages\torch\_inductor\codecache.py:2145] [0/1] [__output_code]             {
V1009 05:06:33.066000 26196 Lib\site-packages\torch\_inductor\codecache.py:2145] [0/1] [__output_code]                 {
V1009 05:06:33.066000 26196 Lib\site-packages\torch\_inductor\codecache.py:2145] [0/1] [__output_code]                     if(C10_LIKELY(x1 >= static_cast<int64_t>(0) && x1 < static_cast<int64_t>(8LL)))
V1009 05:06:33.066000 26196 Lib\site-packages\torch\_inductor\codecache.py:2145] [0/1] [__output_code]                     {
V1009 05:06:33.066000 26196 Lib\site-packages\torch\_inductor\codecache.py:2145] [0/1] [__output_code]                         auto tmp0 = at::vec::Vectorized<float>::loadu(local_buffer_data_0 + static_cast<int64_t>(x1), static_cast<int64_t>(8));
V1009 05:06:33.066000 26196 Lib\site-packages\torch\_inductor\codecache.py:2145] [0/1] [__output_code]                         auto tmp1 = out_ptr1[static_cast<int64_t>(x0)];
V1009 05:06:33.066000 26196 Lib\site-packages\torch\_inductor\codecache.py:2145] [0/1] [__output_code]                         auto tmp2 = at::vec::Vectorized<float>(tmp1);
V1009 05:06:33.066000 26196 Lib\site-packages\torch\_inductor\codecache.py:2145] [0/1] [__output_code]                         auto tmp3 = tmp0 / tmp2;
V1009 05:06:33.066000 26196 Lib\site-packages\torch\_inductor\codecache.py:2145] [0/1] [__output_code]                         tmp3.store(out_ptr2 + static_cast<int64_t>(x1 + 10LL*x0));
V1009 05:06:33.066000 26196 Lib\site-packages\torch\_inductor\codecache.py:2145] [0/1] [__output_code]                     }
V1009 05:06:33.066000 26196 Lib\site-packages\torch\_inductor\codecache.py:2145] [0/1] [__output_code]                     if(C10_UNLIKELY(x1 >= static_cast<int64_t>(8LL) && x1 < static_cast<int64_t>(10LL)))
V1009 05:06:33.066000 26196 Lib\site-packages\torch\_inductor\codecache.py:2145] [0/1] [__output_code]                     {
V1009 05:06:33.066000 26196 Lib\site-packages\torch\_inductor\codecache.py:2145] [0/1] [__output_code]                         auto tmp0 = at::vec::Vectorized<float>::loadu(local_buffer_data_0 + static_cast<int64_t>(x1), static_cast<int64_t>(2LL));
V1009 05:06:33.066000 26196 Lib\site-packages\torch\_inductor\codecache.py:2145] [0/1] [__output_code]                         auto tmp1 = out_ptr1[static_cast<int64_t>(x0)];
V1009 05:06:33.066000 26196 Lib\site-packages\torch\_inductor\codecache.py:2145] [0/1] [__output_code]                         auto tmp2 = at::vec::Vectorized<float>(tmp1);
V1009 05:06:33.066000 26196 Lib\site-packages\torch\_inductor\codecache.py:2145] [0/1] [__output_code]                         auto tmp3 = tmp0 / tmp2;
V1009 05:06:33.066000 26196 Lib\site-packages\torch\_inductor\codecache.py:2145] [0/1] [__output_code]                         tmp3.store(out_ptr2 + static_cast<int64_t>(x1 + 10LL*x0), static_cast<int64_t>(2LL));
V1009 05:06:33.066000 26196 Lib\site-packages\torch\_inductor\codecache.py:2145] [0/1] [__output_code]                     }
V1009 05:06:33.066000 26196 Lib\site-packages\torch\_inductor\codecache.py:2145] [0/1] [__output_code]                 }
V1009 05:06:33.066000 26196 Lib\site-packages\torch\_inductor\codecache.py:2145] [0/1] [__output_code]             }
V1009 05:06:33.066000 26196 Lib\site-packages\torch\_inductor\codecache.py:2145] [0/1] [__output_code]         }
V1009 05:06:33.066000 26196 Lib\site-packages\torch\_inductor\codecache.py:2145] [0/1] [__output_code]     }
V1009 05:06:33.066000 26196 Lib\site-packages\torch\_inductor\codecache.py:2145] [0/1] [__output_code]     inductor_cpu_integer_div_error_flag = nullptr;
V1009 05:06:33.066000 26196 Lib\site-packages\torch\_inductor\codecache.py:2145] [0/1] [__output_code]     inductor_cpu_throw_if_integer_div_error(inductor_cpu_integer_div_error);
V1009 05:06:33.066000 26196 Lib\site-packages\torch\_inductor\codecache.py:2145] [0/1] [__output_code] }
V1009 05:06:33.066000 26196 Lib\site-packages\torch\_inductor\codecache.py:2145] [0/1] [__output_code] ''')
V1009 05:06:33.066000 26196 Lib\site-packages\torch\_inductor\codecache.py:2145] [0/1] [__output_code] 
V1009 05:06:33.066000 26196 Lib\site-packages\torch\_inductor\codecache.py:2145] [0/1] [__output_code] 
V1009 05:06:33.066000 26196 Lib\site-packages\torch\_inductor\codecache.py:2145] [0/1] [__output_code] async_compile.wait(globals())
V1009 05:06:33.066000 26196 Lib\site-packages\torch\_inductor\codecache.py:2145] [0/1] [__output_code] del async_compile
V1009 05:06:33.066000 26196 Lib\site-packages\torch\_inductor\codecache.py:2145] [0/1] [__output_code] 
V1009 05:06:33.066000 26196 Lib\site-packages\torch\_inductor\codecache.py:2145] [0/1] [__output_code] class Runner:
V1009 05:06:33.066000 26196 Lib\site-packages\torch\_inductor\codecache.py:2145] [0/1] [__output_code]     def __init__(self, partitions):
V1009 05:06:33.066000 26196 Lib\site-packages\torch\_inductor\codecache.py:2145] [0/1] [__output_code]         self.partitions = partitions
V1009 05:06:33.066000 26196 Lib\site-packages\torch\_inductor\codecache.py:2145] [0/1] [__output_code] 
V1009 05:06:33.066000 26196 Lib\site-packages\torch\_inductor\codecache.py:2145] [0/1] [__output_code]     def recursively_apply_fns(self, fns):
V1009 05:06:33.066000 26196 Lib\site-packages\torch\_inductor\codecache.py:2145] [0/1] [__output_code]         new_callables = []
V1009 05:06:33.066000 26196 Lib\site-packages\torch\_inductor\codecache.py:2145] [0/1] [__output_code]         for fn, c in zip(fns, self.partitions):
V1009 05:06:33.066000 26196 Lib\site-packages\torch\_inductor\codecache.py:2145] [0/1] [__output_code]             new_callables.append(fn(c))
V1009 05:06:33.066000 26196 Lib\site-packages\torch\_inductor\codecache.py:2145] [0/1] [__output_code]         self.partitions = new_callables
V1009 05:06:33.066000 26196 Lib\site-packages\torch\_inductor\codecache.py:2145] [0/1] [__output_code] 
V1009 05:06:33.066000 26196 Lib\site-packages\torch\_inductor\codecache.py:2145] [0/1] [__output_code]     def call(self, args):
V1009 05:06:33.066000 26196 Lib\site-packages\torch\_inductor\codecache.py:2145] [0/1] [__output_code]         arg0_1, arg1_1, arg2_1, arg3_1, arg4_1, arg5_1, arg6_1, arg7_1 = args
V1009 05:06:33.066000 26196 Lib\site-packages\torch\_inductor\codecache.py:2145] [0/1] [__output_code]         args.clear()
V1009 05:06:33.066000 26196 Lib\site-packages\torch\_inductor\codecache.py:2145] [0/1] [__output_code]         s85 = arg2_1
V1009 05:06:33.066000 26196 Lib\site-packages\torch\_inductor\codecache.py:2145] [0/1] [__output_code]         assert_size_stride_grouped((arg1_1, arg3_1, arg0_1), ((256, ), (s85, 784), (256, 784)), ((1, ), (784, 1), (784, 1)), 'input')
V1009 05:06:33.066000 26196 Lib\site-packages\torch\_inductor\codecache.py:2145] [0/1] [__output_code]         buf0 = empty_strided_cpu((s85, 256), (256, 1), torch.float32)
V1009 05:06:33.066000 26196 Lib\site-packages\torch\_inductor\codecache.py:2145] [0/1] [__output_code]         # Topologically Sorted Source Nodes: [linear], Original ATen: [aten.t, aten.addmm]
V1009 05:06:33.066000 26196 Lib\site-packages\torch\_inductor\codecache.py:2145] [0/1] [__output_code]         extern_kernels.addmm(arg1_1, arg3_1, reinterpret_tensor(arg0_1, (784, 256), (1, 784), 0), alpha=1, beta=1, out=buf0)
V1009 05:06:33.066000 26196 Lib\site-packages\torch\_inductor\codecache.py:2145] [0/1] [__output_code]         del arg0_1
V1009 05:06:33.066000 26196 Lib\site-packages\torch\_inductor\codecache.py:2145] [0/1] [__output_code]         del arg1_1
V1009 05:06:33.066000 26196 Lib\site-packages\torch\_inductor\codecache.py:2145] [0/1] [__output_code]         del arg3_1
V1009 05:06:33.066000 26196 Lib\site-packages\torch\_inductor\codecache.py:2145] [0/1] [__output_code]         buf1 = buf0; del buf0  # reuse
V1009 05:06:33.066000 26196 Lib\site-packages\torch\_inductor\codecache.py:2145] [0/1] [__output_code]         assert_size_stride_grouped((arg5_1, arg4_1), ((256, ), (256, 256)), ((1, ), (256, 1)), 'input')
V1009 05:06:33.066000 26196 Lib\site-packages\torch\_inductor\codecache.py:2145] [0/1] [__output_code]         cpp_fused_relu_0(buf1, s85)
V1009 05:06:33.066000 26196 Lib\site-packages\torch\_inductor\codecache.py:2145] [0/1] [__output_code]         buf2 = empty_strided_cpu((s85, 256), (256, 1), torch.float32)
V1009 05:06:33.066000 26196 Lib\site-packages\torch\_inductor\codecache.py:2145] [0/1] [__output_code]         # Topologically Sorted Source Nodes: [x, linear_1], Original ATen: [aten.relu, aten.t, aten.addmm]
V1009 05:06:33.066000 26196 Lib\site-packages\torch\_inductor\codecache.py:2145] [0/1] [__output_code]         extern_kernels.addmm(arg5_1, buf1, reinterpret_tensor(arg4_1, (256, 256), (1, 256), 0), alpha=1, beta=1, out=buf2)
V1009 05:06:33.066000 26196 Lib\site-packages\torch\_inductor\codecache.py:2145] [0/1] [__output_code]         del arg4_1
V1009 05:06:33.066000 26196 Lib\site-packages\torch\_inductor\codecache.py:2145] [0/1] [__output_code]         del arg5_1
V1009 05:06:33.066000 26196 Lib\site-packages\torch\_inductor\codecache.py:2145] [0/1] [__output_code]         del buf1
V1009 05:06:33.066000 26196 Lib\site-packages\torch\_inductor\codecache.py:2145] [0/1] [__output_code]         buf3 = buf2; del buf2  # reuse
V1009 05:06:33.066000 26196 Lib\site-packages\torch\_inductor\codecache.py:2145] [0/1] [__output_code]         assert_size_stride_grouped((arg7_1, arg6_1), ((10, ), (10, 256)), ((1, ), (256, 1)), 'input')
V1009 05:06:33.066000 26196 Lib\site-packages\torch\_inductor\codecache.py:2145] [0/1] [__output_code]         cpp_fused_relu_0(buf3, s85)
V1009 05:06:33.066000 26196 Lib\site-packages\torch\_inductor\codecache.py:2145] [0/1] [__output_code]         buf4 = empty_strided_cpu((s85, 10), (10, 1), torch.float32)
V1009 05:06:33.066000 26196 Lib\site-packages\torch\_inductor\codecache.py:2145] [0/1] [__output_code]         # Topologically Sorted Source Nodes: [x_1, linear_2], Original ATen: [aten.relu, aten.t, aten.addmm]
V1009 05:06:33.066000 26196 Lib\site-packages\torch\_inductor\codecache.py:2145] [0/1] [__output_code]         extern_kernels.addmm(arg7_1, buf3, reinterpret_tensor(arg6_1, (256, 10), (1, 256), 0), alpha=1, beta=1, out=buf4)
V1009 05:06:33.066000 26196 Lib\site-packages\torch\_inductor\codecache.py:2145] [0/1] [__output_code]         del arg6_1
V1009 05:06:33.066000 26196 Lib\site-packages\torch\_inductor\codecache.py:2145] [0/1] [__output_code]         del arg7_1
V1009 05:06:33.066000 26196 Lib\site-packages\torch\_inductor\codecache.py:2145] [0/1] [__output_code]         del buf3
V1009 05:06:33.066000 26196 Lib\site-packages\torch\_inductor\codecache.py:2145] [0/1] [__output_code]         buf5 = empty_strided_cpu((s85, 1), (1, s85), torch.float32)
V1009 05:06:33.066000 26196 Lib\site-packages\torch\_inductor\codecache.py:2145] [0/1] [__output_code]         buf7 = empty_strided_cpu((s85, 1), (1, s85), torch.float32)
V1009 05:06:33.066000 26196 Lib\site-packages\torch\_inductor\codecache.py:2145] [0/1] [__output_code]         buf8 = empty_strided_cpu((s85, 10), (10, 1), torch.float32)
V1009 05:06:33.066000 26196 Lib\site-packages\torch\_inductor\codecache.py:2145] [0/1] [__output_code]         cpp_fused__softmax_1(buf4, buf5, buf7, buf8, s85)
V1009 05:06:33.066000 26196 Lib\site-packages\torch\_inductor\codecache.py:2145] [0/1] [__output_code]         return (buf8, )
V1009 05:06:33.066000 26196 Lib\site-packages\torch\_inductor\codecache.py:2145] [0/1] [__output_code] 
V1009 05:06:33.066000 26196 Lib\site-packages\torch\_inductor\codecache.py:2145] [0/1] [__output_code] runner = Runner(partitions=[])
V1009 05:06:33.066000 26196 Lib\site-packages\torch\_inductor\codecache.py:2145] [0/1] [__output_code] call = runner.call
V1009 05:06:33.066000 26196 Lib\site-packages\torch\_inductor\codecache.py:2145] [0/1] [__output_code] recursively_apply_fns = runner.recursively_apply_fns
V1009 05:06:33.066000 26196 Lib\site-packages\torch\_inductor\codecache.py:2145] [0/1] [__output_code] 
V1009 05:06:33.066000 26196 Lib\site-packages\torch\_inductor\codecache.py:2145] [0/1] [__output_code] 
V1009 05:06:33.066000 26196 Lib\site-packages\torch\_inductor\codecache.py:2145] [0/1] [__output_code] def get_args():
V1009 05:06:33.066000 26196 Lib\site-packages\torch\_inductor\codecache.py:2145] [0/1] [__output_code]     from torch._dynamo.testing import rand_strided
V1009 05:06:33.066000 26196 Lib\site-packages\torch\_inductor\codecache.py:2145] [0/1] [__output_code]     arg0_1 = rand_strided((256, 784), (784, 1), device='cpu', dtype=torch.float32)
V1009 05:06:33.066000 26196 Lib\site-packages\torch\_inductor\codecache.py:2145] [0/1] [__output_code]     arg1_1 = rand_strided((256, ), (1, ), device='cpu', dtype=torch.float32)
V1009 05:06:33.066000 26196 Lib\site-packages\torch\_inductor\codecache.py:2145] [0/1] [__output_code]     arg2_1 = 20
V1009 05:06:33.066000 26196 Lib\site-packages\torch\_inductor\codecache.py:2145] [0/1] [__output_code]     arg3_1 = rand_strided((20, 784), (784, 1), device='cpu', dtype=torch.float32)
V1009 05:06:33.066000 26196 Lib\site-packages\torch\_inductor\codecache.py:2145] [0/1] [__output_code]     arg4_1 = rand_strided((256, 256), (256, 1), device='cpu', dtype=torch.float32)
V1009 05:06:33.066000 26196 Lib\site-packages\torch\_inductor\codecache.py:2145] [0/1] [__output_code]     arg5_1 = rand_strided((256, ), (1, ), device='cpu', dtype=torch.float32)
V1009 05:06:33.066000 26196 Lib\site-packages\torch\_inductor\codecache.py:2145] [0/1] [__output_code]     arg6_1 = rand_strided((10, 256), (256, 1), device='cpu', dtype=torch.float32)
V1009 05:06:33.066000 26196 Lib\site-packages\torch\_inductor\codecache.py:2145] [0/1] [__output_code]     arg7_1 = rand_strided((10, ), (1, ), device='cpu', dtype=torch.float32)
V1009 05:06:33.066000 26196 Lib\site-packages\torch\_inductor\codecache.py:2145] [0/1] [__output_code]     return [arg0_1, arg1_1, arg2_1, arg3_1, arg4_1, arg5_1, arg6_1, arg7_1]
V1009 05:06:33.066000 26196 Lib\site-packages\torch\_inductor\codecache.py:2145] [0/1] [__output_code] 
V1009 05:06:33.066000 26196 Lib\site-packages\torch\_inductor\codecache.py:2145] [0/1] [__output_code] 
V1009 05:06:33.066000 26196 Lib\site-packages\torch\_inductor\codecache.py:2145] [0/1] [__output_code] def benchmark_compiled_module(args, times=10, repeat=10):
V1009 05:06:33.066000 26196 Lib\site-packages\torch\_inductor\codecache.py:2145] [0/1] [__output_code]     from torch._inductor.utils import print_performance
V1009 05:06:33.066000 26196 Lib\site-packages\torch\_inductor\codecache.py:2145] [0/1] [__output_code]     fn = lambda: call(list(args))
V1009 05:06:33.066000 26196 Lib\site-packages\torch\_inductor\codecache.py:2145] [0/1] [__output_code]     return print_performance(fn, times=times, repeat=repeat, device='cpu')
V1009 05:06:33.066000 26196 Lib\site-packages\torch\_inductor\codecache.py:2145] [0/1] [__output_code] 
V1009 05:06:33.066000 26196 Lib\site-packages\torch\_inductor\codecache.py:2145] [0/1] [__output_code] 
V1009 05:06:33.066000 26196 Lib\site-packages\torch\_inductor\codecache.py:2145] [0/1] [__output_code] if __name__ == "__main__":
V1009 05:06:33.066000 26196 Lib\site-packages\torch\_inductor\codecache.py:2145] [0/1] [__output_code]     from torch._inductor.wrapper_benchmark import compiled_module_main
V1009 05:06:33.066000 26196 Lib\site-packages\torch\_inductor\codecache.py:2145] [0/1] [__output_code]     args = get_args()
V1009 05:06:33.066000 26196 Lib\site-packages\torch\_inductor\codecache.py:2145] [0/1] [__output_code]     compiled_module_main('None', lambda times, repeat: benchmark_compiled_module(args, times=times, repeat=repeat))
V1009 05:06:33.066000 26196 Lib\site-packages\torch\_inductor\codecache.py:2145] [0/1] [__output_code] 
V1009 05:06:33.066000 26196 Lib\site-packages\torch\_inductor\codecache.py:2146] [0/1] [__output_code] Output code written to: H:\maxbound_cache\inductor\ej\cejcv7gbwge3xtpex3fmm4xogy2ljivsoohvwqga2ssr3iz2ez7q.py
V1009 05:06:33.431000 26196 Lib\site-packages\torch\_inductor\codecache.py:2145] [0/2] [__output_code] Output code: 
V1009 05:06:33.431000 26196 Lib\site-packages\torch\_inductor\codecache.py:2145] [0/2] [__output_code] # AOT ID: ['2_forward']
V1009 05:06:33.431000 26196 Lib\site-packages\torch\_inductor\codecache.py:2145] [0/2] [__output_code] from ctypes import c_void_p, c_long, c_int
V1009 05:06:33.431000 26196 Lib\site-packages\torch\_inductor\codecache.py:2145] [0/2] [__output_code] import torch
V1009 05:06:33.431000 26196 Lib\site-packages\torch\_inductor\codecache.py:2145] [0/2] [__output_code] import math
V1009 05:06:33.431000 26196 Lib\site-packages\torch\_inductor\codecache.py:2145] [0/2] [__output_code] import random
V1009 05:06:33.431000 26196 Lib\site-packages\torch\_inductor\codecache.py:2145] [0/2] [__output_code] import os
V1009 05:06:33.431000 26196 Lib\site-packages\torch\_inductor\codecache.py:2145] [0/2] [__output_code] import tempfile
V1009 05:06:33.431000 26196 Lib\site-packages\torch\_inductor\codecache.py:2145] [0/2] [__output_code] from math import inf, nan
V1009 05:06:33.431000 26196 Lib\site-packages\torch\_inductor\codecache.py:2145] [0/2] [__output_code] from cmath import nanj
V1009 05:06:33.431000 26196 Lib\site-packages\torch\_inductor\codecache.py:2145] [0/2] [__output_code] from torch._inductor.hooks import run_intermediate_hooks
V1009 05:06:33.431000 26196 Lib\site-packages\torch\_inductor\codecache.py:2145] [0/2] [__output_code] from torch._inductor.utils import maybe_profile
V1009 05:06:33.431000 26196 Lib\site-packages\torch\_inductor\codecache.py:2145] [0/2] [__output_code] from torch._inductor.codegen.memory_planning import _align as align
V1009 05:06:33.431000 26196 Lib\site-packages\torch\_inductor\codecache.py:2145] [0/2] [__output_code] from torch import device, empty_strided
V1009 05:06:33.431000 26196 Lib\site-packages\torch\_inductor\codecache.py:2145] [0/2] [__output_code] from torch._inductor.async_compile import AsyncCompile
V1009 05:06:33.431000 26196 Lib\site-packages\torch\_inductor\codecache.py:2145] [0/2] [__output_code] from torch._inductor.select_algorithm import extern_kernels
V1009 05:06:33.431000 26196 Lib\site-packages\torch\_inductor\codecache.py:2145] [0/2] [__output_code] 
V1009 05:06:33.431000 26196 Lib\site-packages\torch\_inductor\codecache.py:2145] [0/2] [__output_code] aten = torch.ops.aten
V1009 05:06:33.431000 26196 Lib\site-packages\torch\_inductor\codecache.py:2145] [0/2] [__output_code] inductor_ops = torch.ops.inductor
V1009 05:06:33.431000 26196 Lib\site-packages\torch\_inductor\codecache.py:2145] [0/2] [__output_code] _quantized = torch.ops._quantized
V1009 05:06:33.431000 26196 Lib\site-packages\torch\_inductor\codecache.py:2145] [0/2] [__output_code] assert_size_stride = torch._C._dynamo.guards.assert_size_stride
V1009 05:06:33.431000 26196 Lib\site-packages\torch\_inductor\codecache.py:2145] [0/2] [__output_code] assert_size_stride_grouped = torch._C._dynamo.guards.assert_size_stride_grouped
V1009 05:06:33.431000 26196 Lib\site-packages\torch\_inductor\codecache.py:2145] [0/2] [__output_code] assert_alignment = torch._C._dynamo.guards.assert_alignment
V1009 05:06:33.431000 26196 Lib\site-packages\torch\_inductor\codecache.py:2145] [0/2] [__output_code] empty_strided_cpu = torch._C._dynamo.guards._empty_strided_cpu
V1009 05:06:33.431000 26196 Lib\site-packages\torch\_inductor\codecache.py:2145] [0/2] [__output_code] empty_strided_cpu_pinned = torch._C._dynamo.guards._empty_strided_cpu_pinned
V1009 05:06:33.431000 26196 Lib\site-packages\torch\_inductor\codecache.py:2145] [0/2] [__output_code] empty_strided_cuda = torch._C._dynamo.guards._empty_strided_cuda
V1009 05:06:33.431000 26196 Lib\site-packages\torch\_inductor\codecache.py:2145] [0/2] [__output_code] empty_strided_xpu = torch._C._dynamo.guards._empty_strided_xpu
V1009 05:06:33.431000 26196 Lib\site-packages\torch\_inductor\codecache.py:2145] [0/2] [__output_code] empty_strided_mtia = torch._C._dynamo.guards._empty_strided_mtia
V1009 05:06:33.431000 26196 Lib\site-packages\torch\_inductor\codecache.py:2145] [0/2] [__output_code] reinterpret_tensor = torch._C._dynamo.guards._reinterpret_tensor
V1009 05:06:33.431000 26196 Lib\site-packages\torch\_inductor\codecache.py:2145] [0/2] [__output_code] alloc_from_pool = torch.ops.inductor._alloc_from_pool
V1009 05:06:33.431000 26196 Lib\site-packages\torch\_inductor\codecache.py:2145] [0/2] [__output_code] async_compile = AsyncCompile()
V1009 05:06:33.431000 26196 Lib\site-packages\torch\_inductor\codecache.py:2145] [0/2] [__output_code] empty_strided_p2p = torch._C._distributed_c10d._SymmetricMemory.empty_strided_p2p
V1009 05:06:33.431000 26196 Lib\site-packages\torch\_inductor\codecache.py:2145] [0/2] [__output_code] 
V1009 05:06:33.431000 26196 Lib\site-packages\torch\_inductor\codecache.py:2145] [0/2] [__output_code] 
V1009 05:06:33.431000 26196 Lib\site-packages\torch\_inductor\codecache.py:2145] [0/2] [__output_code] cpp_fused_relu_0 = async_compile.cpp_pybinding(['float*', 'const int64_t'], r'''
V1009 05:06:33.431000 26196 Lib\site-packages\torch\_inductor\codecache.py:2145] [0/2] [__output_code] #include <torch/csrc/inductor/cpp_prefix.h>
V1009 05:06:33.431000 26196 Lib\site-packages\torch\_inductor\codecache.py:2145] [0/2] [__output_code] extern "C" __declspec(dllexport) void  kernel(float* in_out_ptr0,
V1009 05:06:33.431000 26196 Lib\site-packages\torch\_inductor\codecache.py:2145] [0/2] [__output_code]                        const int64_t ks0)
V1009 05:06:33.431000 26196 Lib\site-packages\torch\_inductor\codecache.py:2145] [0/2] [__output_code] {
V1009 05:06:33.431000 26196 Lib\site-packages\torch\_inductor\codecache.py:2145] [0/2] [__output_code]     std::atomic<int> inductor_cpu_integer_div_error{0};
V1009 05:06:33.431000 26196 Lib\site-packages\torch\_inductor\codecache.py:2145] [0/2] [__output_code]     inductor_cpu_integer_div_error_flag = &inductor_cpu_integer_div_error;
V1009 05:06:33.431000 26196 Lib\site-packages\torch\_inductor\codecache.py:2145] [0/2] [__output_code]     #pragma omp parallel num_threads(8)
V1009 05:06:33.431000 26196 Lib\site-packages\torch\_inductor\codecache.py:2145] [0/2] [__output_code]     {
V1009 05:06:33.431000 26196 Lib\site-packages\torch\_inductor\codecache.py:2145] [0/2] [__output_code]         int tid = omp_get_thread_num();
V1009 05:06:33.431000 26196 Lib\site-packages\torch\_inductor\codecache.py:2145] [0/2] [__output_code]         {
V1009 05:06:33.431000 26196 Lib\site-packages\torch\_inductor\codecache.py:2145] [0/2] [__output_code]             #pragma omp for
V1009 05:06:33.431000 26196 Lib\site-packages\torch\_inductor\codecache.py:2145] [0/2] [__output_code]             for(int64_t x0=static_cast<int64_t>(0LL); x0<static_cast<int64_t>(256LL*ks0); x0+=static_cast<int64_t>(8LL))
V1009 05:06:33.431000 26196 Lib\site-packages\torch\_inductor\codecache.py:2145] [0/2] [__output_code]             {
V1009 05:06:33.431000 26196 Lib\site-packages\torch\_inductor\codecache.py:2145] [0/2] [__output_code]                 {
V1009 05:06:33.431000 26196 Lib\site-packages\torch\_inductor\codecache.py:2145] [0/2] [__output_code]                     if(C10_LIKELY(x0 >= static_cast<int64_t>(0) && x0 < static_cast<int64_t>(256LL*ks0)))
V1009 05:06:33.431000 26196 Lib\site-packages\torch\_inductor\codecache.py:2145] [0/2] [__output_code]                     {
V1009 05:06:33.431000 26196 Lib\site-packages\torch\_inductor\codecache.py:2145] [0/2] [__output_code]                         auto tmp0 = at::vec::Vectorized<float>::loadu(in_out_ptr0 + static_cast<int64_t>(x0), static_cast<int64_t>(8));
V1009 05:06:33.431000 26196 Lib\site-packages\torch\_inductor\codecache.py:2145] [0/2] [__output_code]                         auto tmp1 = at::vec::clamp_min(tmp0, decltype(tmp0)(0));
V1009 05:06:33.431000 26196 Lib\site-packages\torch\_inductor\codecache.py:2145] [0/2] [__output_code]                         tmp1.store(in_out_ptr0 + static_cast<int64_t>(x0));
V1009 05:06:33.431000 26196 Lib\site-packages\torch\_inductor\codecache.py:2145] [0/2] [__output_code]                     }
V1009 05:06:33.431000 26196 Lib\site-packages\torch\_inductor\codecache.py:2145] [0/2] [__output_code]                 }
V1009 05:06:33.431000 26196 Lib\site-packages\torch\_inductor\codecache.py:2145] [0/2] [__output_code]             }
V1009 05:06:33.431000 26196 Lib\site-packages\torch\_inductor\codecache.py:2145] [0/2] [__output_code]         }
V1009 05:06:33.431000 26196 Lib\site-packages\torch\_inductor\codecache.py:2145] [0/2] [__output_code]     }
V1009 05:06:33.431000 26196 Lib\site-packages\torch\_inductor\codecache.py:2145] [0/2] [__output_code]     inductor_cpu_integer_div_error_flag = nullptr;
V1009 05:06:33.431000 26196 Lib\site-packages\torch\_inductor\codecache.py:2145] [0/2] [__output_code]     inductor_cpu_throw_if_integer_div_error(inductor_cpu_integer_div_error);
V1009 05:06:33.431000 26196 Lib\site-packages\torch\_inductor\codecache.py:2145] [0/2] [__output_code] }
V1009 05:06:33.431000 26196 Lib\site-packages\torch\_inductor\codecache.py:2145] [0/2] [__output_code] ''')
V1009 05:06:33.431000 26196 Lib\site-packages\torch\_inductor\codecache.py:2145] [0/2] [__output_code] 
V1009 05:06:33.431000 26196 Lib\site-packages\torch\_inductor\codecache.py:2145] [0/2] [__output_code] 
V1009 05:06:33.431000 26196 Lib\site-packages\torch\_inductor\codecache.py:2145] [0/2] [__output_code] cpp_fused__softmax_1 = async_compile.cpp_pybinding(['const float*', 'float*', 'float*', 'float*', 'const int64_t'], r'''
V1009 05:06:33.431000 26196 Lib\site-packages\torch\_inductor\codecache.py:2145] [0/2] [__output_code] #include <torch/csrc/inductor/cpp_prefix.h>
V1009 05:06:33.431000 26196 Lib\site-packages\torch\_inductor\codecache.py:2145] [0/2] [__output_code] extern "C" __declspec(dllexport) void  kernel(const float* in_ptr0,
V1009 05:06:33.431000 26196 Lib\site-packages\torch\_inductor\codecache.py:2145] [0/2] [__output_code]                        float* out_ptr0,
V1009 05:06:33.431000 26196 Lib\site-packages\torch\_inductor\codecache.py:2145] [0/2] [__output_code]                        float* out_ptr1,
V1009 05:06:33.431000 26196 Lib\site-packages\torch\_inductor\codecache.py:2145] [0/2] [__output_code]                        float* out_ptr2,
V1009 05:06:33.431000 26196 Lib\site-packages\torch\_inductor\codecache.py:2145] [0/2] [__output_code]                        const int64_t ks0)
V1009 05:06:33.431000 26196 Lib\site-packages\torch\_inductor\codecache.py:2145] [0/2] [__output_code] {
V1009 05:06:33.431000 26196 Lib\site-packages\torch\_inductor\codecache.py:2145] [0/2] [__output_code]     std::atomic<int> inductor_cpu_integer_div_error{0};
V1009 05:06:33.431000 26196 Lib\site-packages\torch\_inductor\codecache.py:2145] [0/2] [__output_code]     inductor_cpu_integer_div_error_flag = &inductor_cpu_integer_div_error;
V1009 05:06:33.431000 26196 Lib\site-packages\torch\_inductor\codecache.py:2145] [0/2] [__output_code]     {
V1009 05:06:33.431000 26196 Lib\site-packages\torch\_inductor\codecache.py:2145] [0/2] [__output_code]         std::unique_ptr<float []> buf_local_buffer_data_0 = std::make_unique<float []>(10LL);
V1009 05:06:33.431000 26196 Lib\site-packages\torch\_inductor\codecache.py:2145] [0/2] [__output_code]         float* local_buffer_data_0 = buf_local_buffer_data_0.get();
V1009 05:06:33.431000 26196 Lib\site-packages\torch\_inductor\codecache.py:2145] [0/2] [__output_code]         for(int64_t x0=static_cast<int64_t>(0LL); x0<static_cast<int64_t>(ks0); x0+=static_cast<int64_t>(1LL))
V1009 05:06:33.431000 26196 Lib\site-packages\torch\_inductor\codecache.py:2145] [0/2] [__output_code]         {
V1009 05:06:33.431000 26196 Lib\site-packages\torch\_inductor\codecache.py:2145] [0/2] [__output_code]             {
V1009 05:06:33.431000 26196 Lib\site-packages\torch\_inductor\codecache.py:2145] [0/2] [__output_code]                 float tmp_acc0 = -std::numeric_limits<float>::infinity();
V1009 05:06:33.431000 26196 Lib\site-packages\torch\_inductor\codecache.py:2145] [0/2] [__output_code]                 at::vec::Vectorized<float> tmp_acc0_vec = at::vec::Vectorized<float>(-std::numeric_limits<float>::infinity());
V1009 05:06:33.431000 26196 Lib\site-packages\torch\_inductor\codecache.py:2145] [0/2] [__output_code]                 for(int64_t x1=static_cast<int64_t>(0LL); x1<static_cast<int64_t>(10LL); x1+=static_cast<int64_t>(8LL))
V1009 05:06:33.431000 26196 Lib\site-packages\torch\_inductor\codecache.py:2145] [0/2] [__output_code]                 {
V1009 05:06:33.431000 26196 Lib\site-packages\torch\_inductor\codecache.py:2145] [0/2] [__output_code]                     {
V1009 05:06:33.431000 26196 Lib\site-packages\torch\_inductor\codecache.py:2145] [0/2] [__output_code]                         if(C10_LIKELY(x1 >= static_cast<int64_t>(0) && x1 < static_cast<int64_t>(8LL)))
V1009 05:06:33.431000 26196 Lib\site-packages\torch\_inductor\codecache.py:2145] [0/2] [__output_code]                         {
V1009 05:06:33.431000 26196 Lib\site-packages\torch\_inductor\codecache.py:2145] [0/2] [__output_code]                             auto tmp0 = at::vec::Vectorized<float>::loadu(in_ptr0 + static_cast<int64_t>(x1 + 10LL*x0), static_cast<int64_t>(8));
V1009 05:06:33.431000 26196 Lib\site-packages\torch\_inductor\codecache.py:2145] [0/2] [__output_code]                             tmp_acc0_vec = at::vec::maximum(tmp_acc0_vec, tmp0);
V1009 05:06:33.431000 26196 Lib\site-packages\torch\_inductor\codecache.py:2145] [0/2] [__output_code]                         }
V1009 05:06:33.431000 26196 Lib\site-packages\torch\_inductor\codecache.py:2145] [0/2] [__output_code]                         if(C10_UNLIKELY(x1 >= static_cast<int64_t>(8LL) && x1 < static_cast<int64_t>(10LL)))
V1009 05:06:33.431000 26196 Lib\site-packages\torch\_inductor\codecache.py:2145] [0/2] [__output_code]                         {
V1009 05:06:33.431000 26196 Lib\site-packages\torch\_inductor\codecache.py:2145] [0/2] [__output_code]                             auto tmp0 = at::vec::Vectorized<float>::loadu(in_ptr0 + static_cast<int64_t>(x1 + 10LL*x0), static_cast<int64_t>(2LL));
V1009 05:06:33.431000 26196 Lib\site-packages\torch\_inductor\codecache.py:2145] [0/2] [__output_code]                             tmp_acc0_vec = max_masked_reduce(tmp_acc0_vec, tmp0, static_cast<int64_t>(2LL));
V1009 05:06:33.431000 26196 Lib\site-packages\torch\_inductor\codecache.py:2145] [0/2] [__output_code]                         }
V1009 05:06:33.431000 26196 Lib\site-packages\torch\_inductor\codecache.py:2145] [0/2] [__output_code]                     }
V1009 05:06:33.431000 26196 Lib\site-packages\torch\_inductor\codecache.py:2145] [0/2] [__output_code]                 }
V1009 05:06:33.431000 26196 Lib\site-packages\torch\_inductor\codecache.py:2145] [0/2] [__output_code]                 tmp_acc0 = max_propagate_nan(tmp_acc0, at::vec::vec_reduce_all<float, 1>([](at::vec::Vectorized<float>& x, at::vec::Vectorized<float>& y) { return at::vec::maximum(x, y); }, tmp_acc0_vec));
V1009 05:06:33.431000 26196 Lib\site-packages\torch\_inductor\codecache.py:2145] [0/2] [__output_code]                 out_ptr0[static_cast<int64_t>(x0)] = static_cast<float>(tmp_acc0);
V1009 05:06:33.431000 26196 Lib\site-packages\torch\_inductor\codecache.py:2145] [0/2] [__output_code]             }
V1009 05:06:33.431000 26196 Lib\site-packages\torch\_inductor\codecache.py:2145] [0/2] [__output_code]             {
V1009 05:06:33.431000 26196 Lib\site-packages\torch\_inductor\codecache.py:2145] [0/2] [__output_code]                 float tmp_acc0 = 0;
V1009 05:06:33.431000 26196 Lib\site-packages\torch\_inductor\codecache.py:2145] [0/2] [__output_code]                 at::vec::Vectorized<float> tmp_acc0_vec = at::vec::Vectorized<float>(0);
V1009 05:06:33.431000 26196 Lib\site-packages\torch\_inductor\codecache.py:2145] [0/2] [__output_code]                 for(int64_t x1=static_cast<int64_t>(0LL); x1<static_cast<int64_t>(10LL); x1+=static_cast<int64_t>(8LL))
V1009 05:06:33.431000 26196 Lib\site-packages\torch\_inductor\codecache.py:2145] [0/2] [__output_code]                 {
V1009 05:06:33.431000 26196 Lib\site-packages\torch\_inductor\codecache.py:2145] [0/2] [__output_code]                     {
V1009 05:06:33.431000 26196 Lib\site-packages\torch\_inductor\codecache.py:2145] [0/2] [__output_code]                         if(C10_LIKELY(x1 >= static_cast<int64_t>(0) && x1 < static_cast<int64_t>(8LL)))
V1009 05:06:33.431000 26196 Lib\site-packages\torch\_inductor\codecache.py:2145] [0/2] [__output_code]                         {
V1009 05:06:33.431000 26196 Lib\site-packages\torch\_inductor\codecache.py:2145] [0/2] [__output_code]                             auto tmp0 = at::vec::Vectorized<float>::loadu(in_ptr0 + static_cast<int64_t>(x1 + 10LL*x0), static_cast<int64_t>(8));
V1009 05:06:33.431000 26196 Lib\site-packages\torch\_inductor\codecache.py:2145] [0/2] [__output_code]                             auto tmp1 = out_ptr0[static_cast<int64_t>(x0)];
V1009 05:06:33.431000 26196 Lib\site-packages\torch\_inductor\codecache.py:2145] [0/2] [__output_code]                             auto tmp2 = at::vec::Vectorized<float>(tmp1);
V1009 05:06:33.431000 26196 Lib\site-packages\torch\_inductor\codecache.py:2145] [0/2] [__output_code]                             auto tmp3 = tmp0 - tmp2;
V1009 05:06:33.431000 26196 Lib\site-packages\torch\_inductor\codecache.py:2145] [0/2] [__output_code]                             auto tmp4 = tmp3.exp();
V1009 05:06:33.431000 26196 Lib\site-packages\torch\_inductor\codecache.py:2145] [0/2] [__output_code]                             tmp4.store(local_buffer_data_0 + static_cast<int64_t>(x1));
V1009 05:06:33.431000 26196 Lib\site-packages\torch\_inductor\codecache.py:2145] [0/2] [__output_code]                             tmp_acc0_vec = tmp_acc0_vec + tmp4;
V1009 05:06:33.431000 26196 Lib\site-packages\torch\_inductor\codecache.py:2145] [0/2] [__output_code]                         }
V1009 05:06:33.431000 26196 Lib\site-packages\torch\_inductor\codecache.py:2145] [0/2] [__output_code]                         if(C10_UNLIKELY(x1 >= static_cast<int64_t>(8LL) && x1 < static_cast<int64_t>(10LL)))
V1009 05:06:33.431000 26196 Lib\site-packages\torch\_inductor\codecache.py:2145] [0/2] [__output_code]                         {
V1009 05:06:33.431000 26196 Lib\site-packages\torch\_inductor\codecache.py:2145] [0/2] [__output_code]                             auto tmp0 = at::vec::Vectorized<float>::loadu(in_ptr0 + static_cast<int64_t>(x1 + 10LL*x0), static_cast<int64_t>(2LL));
V1009 05:06:33.431000 26196 Lib\site-packages\torch\_inductor\codecache.py:2145] [0/2] [__output_code]                             auto tmp1 = out_ptr0[static_cast<int64_t>(x0)];
V1009 05:06:33.431000 26196 Lib\site-packages\torch\_inductor\codecache.py:2145] [0/2] [__output_code]                             auto tmp2 = at::vec::Vectorized<float>(tmp1);
V1009 05:06:33.431000 26196 Lib\site-packages\torch\_inductor\codecache.py:2145] [0/2] [__output_code]                             auto tmp3 = tmp0 - tmp2;
V1009 05:06:33.431000 26196 Lib\site-packages\torch\_inductor\codecache.py:2145] [0/2] [__output_code]                             auto tmp4 = tmp3.exp();
V1009 05:06:33.431000 26196 Lib\site-packages\torch\_inductor\codecache.py:2145] [0/2] [__output_code]                             tmp4.store(local_buffer_data_0 + static_cast<int64_t>(x1), static_cast<int64_t>(2LL));
V1009 05:06:33.431000 26196 Lib\site-packages\torch\_inductor\codecache.py:2145] [0/2] [__output_code]                             tmp_acc0_vec = sum_masked_reduce(tmp_acc0_vec, tmp4, static_cast<int64_t>(2LL));
V1009 05:06:33.431000 26196 Lib\site-packages\torch\_inductor\codecache.py:2145] [0/2] [__output_code]                         }
V1009 05:06:33.431000 26196 Lib\site-packages\torch\_inductor\codecache.py:2145] [0/2] [__output_code]                     }
V1009 05:06:33.431000 26196 Lib\site-packages\torch\_inductor\codecache.py:2145] [0/2] [__output_code]                 }
V1009 05:06:33.431000 26196 Lib\site-packages\torch\_inductor\codecache.py:2145] [0/2] [__output_code]                 tmp_acc0 = tmp_acc0 + at::vec::vec_reduce_all<float, 1>([](at::vec::Vectorized<float>& x, at::vec::Vectorized<float>& y) { return x + y; }, tmp_acc0_vec);
V1009 05:06:33.431000 26196 Lib\site-packages\torch\_inductor\codecache.py:2145] [0/2] [__output_code]                 out_ptr1[static_cast<int64_t>(x0)] = static_cast<float>(tmp_acc0);
V1009 05:06:33.431000 26196 Lib\site-packages\torch\_inductor\codecache.py:2145] [0/2] [__output_code]             }
V1009 05:06:33.431000 26196 Lib\site-packages\torch\_inductor\codecache.py:2145] [0/2] [__output_code]             for(int64_t x1=static_cast<int64_t>(0LL); x1<static_cast<int64_t>(10LL); x1+=static_cast<int64_t>(8LL))
V1009 05:06:33.431000 26196 Lib\site-packages\torch\_inductor\codecache.py:2145] [0/2] [__output_code]             {
V1009 05:06:33.431000 26196 Lib\site-packages\torch\_inductor\codecache.py:2145] [0/2] [__output_code]                 {
V1009 05:06:33.431000 26196 Lib\site-packages\torch\_inductor\codecache.py:2145] [0/2] [__output_code]                     if(C10_LIKELY(x1 >= static_cast<int64_t>(0) && x1 < static_cast<int64_t>(8LL)))
V1009 05:06:33.431000 26196 Lib\site-packages\torch\_inductor\codecache.py:2145] [0/2] [__output_code]                     {
V1009 05:06:33.431000 26196 Lib\site-packages\torch\_inductor\codecache.py:2145] [0/2] [__output_code]                         auto tmp0 = at::vec::Vectorized<float>::loadu(local_buffer_data_0 + static_cast<int64_t>(x1), static_cast<int64_t>(8));
V1009 05:06:33.431000 26196 Lib\site-packages\torch\_inductor\codecache.py:2145] [0/2] [__output_code]                         auto tmp1 = out_ptr1[static_cast<int64_t>(x0)];
V1009 05:06:33.431000 26196 Lib\site-packages\torch\_inductor\codecache.py:2145] [0/2] [__output_code]                         auto tmp2 = at::vec::Vectorized<float>(tmp1);
V1009 05:06:33.431000 26196 Lib\site-packages\torch\_inductor\codecache.py:2145] [0/2] [__output_code]                         auto tmp3 = tmp0 / tmp2;
V1009 05:06:33.431000 26196 Lib\site-packages\torch\_inductor\codecache.py:2145] [0/2] [__output_code]                         tmp3.store(out_ptr2 + static_cast<int64_t>(x1 + 10LL*x0));
V1009 05:06:33.431000 26196 Lib\site-packages\torch\_inductor\codecache.py:2145] [0/2] [__output_code]                     }
V1009 05:06:33.431000 26196 Lib\site-packages\torch\_inductor\codecache.py:2145] [0/2] [__output_code]                     if(C10_UNLIKELY(x1 >= static_cast<int64_t>(8LL) && x1 < static_cast<int64_t>(10LL)))
V1009 05:06:33.431000 26196 Lib\site-packages\torch\_inductor\codecache.py:2145] [0/2] [__output_code]                     {
V1009 05:06:33.431000 26196 Lib\site-packages\torch\_inductor\codecache.py:2145] [0/2] [__output_code]                         auto tmp0 = at::vec::Vectorized<float>::loadu(local_buffer_data_0 + static_cast<int64_t>(x1), static_cast<int64_t>(2LL));
V1009 05:06:33.431000 26196 Lib\site-packages\torch\_inductor\codecache.py:2145] [0/2] [__output_code]                         auto tmp1 = out_ptr1[static_cast<int64_t>(x0)];
V1009 05:06:33.431000 26196 Lib\site-packages\torch\_inductor\codecache.py:2145] [0/2] [__output_code]                         auto tmp2 = at::vec::Vectorized<float>(tmp1);
V1009 05:06:33.431000 26196 Lib\site-packages\torch\_inductor\codecache.py:2145] [0/2] [__output_code]                         auto tmp3 = tmp0 / tmp2;
V1009 05:06:33.431000 26196 Lib\site-packages\torch\_inductor\codecache.py:2145] [0/2] [__output_code]                         tmp3.store(out_ptr2 + static_cast<int64_t>(x1 + 10LL*x0), static_cast<int64_t>(2LL));
V1009 05:06:33.431000 26196 Lib\site-packages\torch\_inductor\codecache.py:2145] [0/2] [__output_code]                     }
V1009 05:06:33.431000 26196 Lib\site-packages\torch\_inductor\codecache.py:2145] [0/2] [__output_code]                 }
V1009 05:06:33.431000 26196 Lib\site-packages\torch\_inductor\codecache.py:2145] [0/2] [__output_code]             }
V1009 05:06:33.431000 26196 Lib\site-packages\torch\_inductor\codecache.py:2145] [0/2] [__output_code]         }
V1009 05:06:33.431000 26196 Lib\site-packages\torch\_inductor\codecache.py:2145] [0/2] [__output_code]     }
V1009 05:06:33.431000 26196 Lib\site-packages\torch\_inductor\codecache.py:2145] [0/2] [__output_code]     inductor_cpu_integer_div_error_flag = nullptr;
V1009 05:06:33.431000 26196 Lib\site-packages\torch\_inductor\codecache.py:2145] [0/2] [__output_code]     inductor_cpu_throw_if_integer_div_error(inductor_cpu_integer_div_error);
V1009 05:06:33.431000 26196 Lib\site-packages\torch\_inductor\codecache.py:2145] [0/2] [__output_code] }
V1009 05:06:33.431000 26196 Lib\site-packages\torch\_inductor\codecache.py:2145] [0/2] [__output_code] ''')
V1009 05:06:33.431000 26196 Lib\site-packages\torch\_inductor\codecache.py:2145] [0/2] [__output_code] 
V1009 05:06:33.431000 26196 Lib\site-packages\torch\_inductor\codecache.py:2145] [0/2] [__output_code] 
V1009 05:06:33.431000 26196 Lib\site-packages\torch\_inductor\codecache.py:2145] [0/2] [__output_code] async_compile.wait(globals())
V1009 05:06:33.431000 26196 Lib\site-packages\torch\_inductor\codecache.py:2145] [0/2] [__output_code] del async_compile
V1009 05:06:33.431000 26196 Lib\site-packages\torch\_inductor\codecache.py:2145] [0/2] [__output_code] 
V1009 05:06:33.431000 26196 Lib\site-packages\torch\_inductor\codecache.py:2145] [0/2] [__output_code] class Runner:
V1009 05:06:33.431000 26196 Lib\site-packages\torch\_inductor\codecache.py:2145] [0/2] [__output_code]     def __init__(self, partitions):
V1009 05:06:33.431000 26196 Lib\site-packages\torch\_inductor\codecache.py:2145] [0/2] [__output_code]         self.partitions = partitions
V1009 05:06:33.431000 26196 Lib\site-packages\torch\_inductor\codecache.py:2145] [0/2] [__output_code] 
V1009 05:06:33.431000 26196 Lib\site-packages\torch\_inductor\codecache.py:2145] [0/2] [__output_code]     def recursively_apply_fns(self, fns):
V1009 05:06:33.431000 26196 Lib\site-packages\torch\_inductor\codecache.py:2145] [0/2] [__output_code]         new_callables = []
V1009 05:06:33.431000 26196 Lib\site-packages\torch\_inductor\codecache.py:2145] [0/2] [__output_code]         for fn, c in zip(fns, self.partitions):
V1009 05:06:33.431000 26196 Lib\site-packages\torch\_inductor\codecache.py:2145] [0/2] [__output_code]             new_callables.append(fn(c))
V1009 05:06:33.431000 26196 Lib\site-packages\torch\_inductor\codecache.py:2145] [0/2] [__output_code]         self.partitions = new_callables
V1009 05:06:33.431000 26196 Lib\site-packages\torch\_inductor\codecache.py:2145] [0/2] [__output_code] 
V1009 05:06:33.431000 26196 Lib\site-packages\torch\_inductor\codecache.py:2145] [0/2] [__output_code]     def call(self, args):
V1009 05:06:33.431000 26196 Lib\site-packages\torch\_inductor\codecache.py:2145] [0/2] [__output_code]         primals_1, primals_2, primals_3, primals_4, primals_5, primals_6, primals_7, primals_8 = args
V1009 05:06:33.431000 26196 Lib\site-packages\torch\_inductor\codecache.py:2145] [0/2] [__output_code]         args.clear()
V1009 05:06:33.431000 26196 Lib\site-packages\torch\_inductor\codecache.py:2145] [0/2] [__output_code]         s85 = primals_3
V1009 05:06:33.431000 26196 Lib\site-packages\torch\_inductor\codecache.py:2145] [0/2] [__output_code]         assert_size_stride_grouped((primals_2, primals_4, primals_1), ((256, ), (s85, 784), (256, 784)), ((1, ), (784, 1), (784, 1)), 'input')
V1009 05:06:33.431000 26196 Lib\site-packages\torch\_inductor\codecache.py:2145] [0/2] [__output_code]         buf0 = empty_strided_cpu((s85, 256), (256, 1), torch.float32)
V1009 05:06:33.431000 26196 Lib\site-packages\torch\_inductor\codecache.py:2145] [0/2] [__output_code]         # Topologically Sorted Source Nodes: [linear], Original ATen: [aten.t, aten.addmm]
V1009 05:06:33.431000 26196 Lib\site-packages\torch\_inductor\codecache.py:2145] [0/2] [__output_code]         extern_kernels.addmm(primals_2, primals_4, reinterpret_tensor(primals_1, (784, 256), (1, 784), 0), alpha=1, beta=1, out=buf0)
V1009 05:06:33.431000 26196 Lib\site-packages\torch\_inductor\codecache.py:2145] [0/2] [__output_code]         del primals_2
V1009 05:06:33.431000 26196 Lib\site-packages\torch\_inductor\codecache.py:2145] [0/2] [__output_code]         buf1 = buf0; del buf0  # reuse
V1009 05:06:33.431000 26196 Lib\site-packages\torch\_inductor\codecache.py:2145] [0/2] [__output_code]         assert_size_stride_grouped((primals_6, primals_5), ((256, ), (256, 256)), ((1, ), (256, 1)), 'input')
V1009 05:06:33.431000 26196 Lib\site-packages\torch\_inductor\codecache.py:2145] [0/2] [__output_code]         cpp_fused_relu_0(buf1, s85)
V1009 05:06:33.431000 26196 Lib\site-packages\torch\_inductor\codecache.py:2145] [0/2] [__output_code]         buf2 = empty_strided_cpu((s85, 256), (256, 1), torch.float32)
V1009 05:06:33.431000 26196 Lib\site-packages\torch\_inductor\codecache.py:2145] [0/2] [__output_code]         # Topologically Sorted Source Nodes: [linear_1], Original ATen: [aten.t, aten.addmm]
V1009 05:06:33.431000 26196 Lib\site-packages\torch\_inductor\codecache.py:2145] [0/2] [__output_code]         extern_kernels.addmm(primals_6, buf1, reinterpret_tensor(primals_5, (256, 256), (1, 256), 0), alpha=1, beta=1, out=buf2)
V1009 05:06:33.431000 26196 Lib\site-packages\torch\_inductor\codecache.py:2145] [0/2] [__output_code]         del primals_6
V1009 05:06:33.431000 26196 Lib\site-packages\torch\_inductor\codecache.py:2145] [0/2] [__output_code]         buf3 = buf2; del buf2  # reuse
V1009 05:06:33.431000 26196 Lib\site-packages\torch\_inductor\codecache.py:2145] [0/2] [__output_code]         assert_size_stride_grouped((primals_8, primals_7), ((10, ), (10, 256)), ((1, ), (256, 1)), 'input')
V1009 05:06:33.431000 26196 Lib\site-packages\torch\_inductor\codecache.py:2145] [0/2] [__output_code]         cpp_fused_relu_0(buf3, s85)
V1009 05:06:33.431000 26196 Lib\site-packages\torch\_inductor\codecache.py:2145] [0/2] [__output_code]         buf4 = empty_strided_cpu((s85, 10), (10, 1), torch.float32)
V1009 05:06:33.431000 26196 Lib\site-packages\torch\_inductor\codecache.py:2145] [0/2] [__output_code]         # Topologically Sorted Source Nodes: [linear_2], Original ATen: [aten.t, aten.addmm]
V1009 05:06:33.431000 26196 Lib\site-packages\torch\_inductor\codecache.py:2145] [0/2] [__output_code]         extern_kernels.addmm(primals_8, buf3, reinterpret_tensor(primals_7, (256, 10), (1, 256), 0), alpha=1, beta=1, out=buf4)
V1009 05:06:33.431000 26196 Lib\site-packages\torch\_inductor\codecache.py:2145] [0/2] [__output_code]         del primals_8
V1009 05:06:33.431000 26196 Lib\site-packages\torch\_inductor\codecache.py:2145] [0/2] [__output_code]         buf5 = empty_strided_cpu((s85, 1), (1, s85), torch.float32)
V1009 05:06:33.431000 26196 Lib\site-packages\torch\_inductor\codecache.py:2145] [0/2] [__output_code]         buf7 = empty_strided_cpu((s85, 1), (1, s85), torch.float32)
V1009 05:06:33.431000 26196 Lib\site-packages\torch\_inductor\codecache.py:2145] [0/2] [__output_code]         buf8 = empty_strided_cpu((s85, 10), (10, 1), torch.float32)
V1009 05:06:33.431000 26196 Lib\site-packages\torch\_inductor\codecache.py:2145] [0/2] [__output_code]         cpp_fused__softmax_1(buf4, buf5, buf7, buf8, s85)
V1009 05:06:33.431000 26196 Lib\site-packages\torch\_inductor\codecache.py:2145] [0/2] [__output_code]         return (buf8, primals_1, primals_4, primals_5, primals_7, buf1, buf3, buf8, s85, )
V1009 05:06:33.431000 26196 Lib\site-packages\torch\_inductor\codecache.py:2145] [0/2] [__output_code] 
V1009 05:06:33.431000 26196 Lib\site-packages\torch\_inductor\codecache.py:2145] [0/2] [__output_code] runner = Runner(partitions=[])
V1009 05:06:33.431000 26196 Lib\site-packages\torch\_inductor\codecache.py:2145] [0/2] [__output_code] call = runner.call
V1009 05:06:33.431000 26196 Lib\site-packages\torch\_inductor\codecache.py:2145] [0/2] [__output_code] recursively_apply_fns = runner.recursively_apply_fns
V1009 05:06:33.431000 26196 Lib\site-packages\torch\_inductor\codecache.py:2145] [0/2] [__output_code] 
V1009 05:06:33.431000 26196 Lib\site-packages\torch\_inductor\codecache.py:2145] [0/2] [__output_code] 
V1009 05:06:33.431000 26196 Lib\site-packages\torch\_inductor\codecache.py:2145] [0/2] [__output_code] def get_args():
V1009 05:06:33.431000 26196 Lib\site-packages\torch\_inductor\codecache.py:2145] [0/2] [__output_code]     from torch._dynamo.testing import rand_strided
V1009 05:06:33.431000 26196 Lib\site-packages\torch\_inductor\codecache.py:2145] [0/2] [__output_code]     primals_1 = rand_strided((256, 784), (784, 1), device='cpu', dtype=torch.float32)
V1009 05:06:33.431000 26196 Lib\site-packages\torch\_inductor\codecache.py:2145] [0/2] [__output_code]     primals_2 = rand_strided((256, ), (1, ), device='cpu', dtype=torch.float32)
V1009 05:06:33.431000 26196 Lib\site-packages\torch\_inductor\codecache.py:2145] [0/2] [__output_code]     primals_3 = 20
V1009 05:06:33.431000 26196 Lib\site-packages\torch\_inductor\codecache.py:2145] [0/2] [__output_code]     primals_4 = rand_strided((20, 784), (784, 1), device='cpu', dtype=torch.float32)
V1009 05:06:33.431000 26196 Lib\site-packages\torch\_inductor\codecache.py:2145] [0/2] [__output_code]     primals_5 = rand_strided((256, 256), (256, 1), device='cpu', dtype=torch.float32)
V1009 05:06:33.431000 26196 Lib\site-packages\torch\_inductor\codecache.py:2145] [0/2] [__output_code]     primals_6 = rand_strided((256, ), (1, ), device='cpu', dtype=torch.float32)
V1009 05:06:33.431000 26196 Lib\site-packages\torch\_inductor\codecache.py:2145] [0/2] [__output_code]     primals_7 = rand_strided((10, 256), (256, 1), device='cpu', dtype=torch.float32)
V1009 05:06:33.431000 26196 Lib\site-packages\torch\_inductor\codecache.py:2145] [0/2] [__output_code]     primals_8 = rand_strided((10, ), (1, ), device='cpu', dtype=torch.float32)
V1009 05:06:33.431000 26196 Lib\site-packages\torch\_inductor\codecache.py:2145] [0/2] [__output_code]     return [primals_1, primals_2, primals_3, primals_4, primals_5, primals_6, primals_7, primals_8]
V1009 05:06:33.431000 26196 Lib\site-packages\torch\_inductor\codecache.py:2145] [0/2] [__output_code] 
V1009 05:06:33.431000 26196 Lib\site-packages\torch\_inductor\codecache.py:2145] [0/2] [__output_code] 
V1009 05:06:33.431000 26196 Lib\site-packages\torch\_inductor\codecache.py:2145] [0/2] [__output_code] def benchmark_compiled_module(args, times=10, repeat=10):
V1009 05:06:33.431000 26196 Lib\site-packages\torch\_inductor\codecache.py:2145] [0/2] [__output_code]     from torch._inductor.utils import print_performance
V1009 05:06:33.431000 26196 Lib\site-packages\torch\_inductor\codecache.py:2145] [0/2] [__output_code]     fn = lambda: call(list(args))
V1009 05:06:33.431000 26196 Lib\site-packages\torch\_inductor\codecache.py:2145] [0/2] [__output_code]     return print_performance(fn, times=times, repeat=repeat, device='cpu')
V1009 05:06:33.431000 26196 Lib\site-packages\torch\_inductor\codecache.py:2145] [0/2] [__output_code] 
V1009 05:06:33.431000 26196 Lib\site-packages\torch\_inductor\codecache.py:2145] [0/2] [__output_code] 
V1009 05:06:33.431000 26196 Lib\site-packages\torch\_inductor\codecache.py:2145] [0/2] [__output_code] if __name__ == "__main__":
V1009 05:06:33.431000 26196 Lib\site-packages\torch\_inductor\codecache.py:2145] [0/2] [__output_code]     from torch._inductor.wrapper_benchmark import compiled_module_main
V1009 05:06:33.431000 26196 Lib\site-packages\torch\_inductor\codecache.py:2145] [0/2] [__output_code]     args = get_args()
V1009 05:06:33.431000 26196 Lib\site-packages\torch\_inductor\codecache.py:2145] [0/2] [__output_code]     compiled_module_main('None', lambda times, repeat: benchmark_compiled_module(args, times=times, repeat=repeat))
V1009 05:06:33.431000 26196 Lib\site-packages\torch\_inductor\codecache.py:2145] [0/2] [__output_code] 
V1009 05:06:33.432000 26196 Lib\site-packages\torch\_inductor\codecache.py:2146] [0/2] [__output_code] Output code written to: H:\maxbound_cache\inductor\5y\c5ylded7ieojmwiq5y4u5umo5v77usoh4uljb3kr3gwbyfxc33jy.py
V1009 05:06:33.756000 26196 Lib\site-packages\torch\_inductor\codecache.py:2145] [0/2] [__output_code] Output code: 
V1009 05:06:33.756000 26196 Lib\site-packages\torch\_inductor\codecache.py:2145] [0/2] [__output_code] # AOT ID: ['2_backward']
V1009 05:06:33.756000 26196 Lib\site-packages\torch\_inductor\codecache.py:2145] [0/2] [__output_code] from ctypes import c_void_p, c_long, c_int
V1009 05:06:33.756000 26196 Lib\site-packages\torch\_inductor\codecache.py:2145] [0/2] [__output_code] import torch
V1009 05:06:33.756000 26196 Lib\site-packages\torch\_inductor\codecache.py:2145] [0/2] [__output_code] import math
V1009 05:06:33.756000 26196 Lib\site-packages\torch\_inductor\codecache.py:2145] [0/2] [__output_code] import random
V1009 05:06:33.756000 26196 Lib\site-packages\torch\_inductor\codecache.py:2145] [0/2] [__output_code] import os
V1009 05:06:33.756000 26196 Lib\site-packages\torch\_inductor\codecache.py:2145] [0/2] [__output_code] import tempfile
V1009 05:06:33.756000 26196 Lib\site-packages\torch\_inductor\codecache.py:2145] [0/2] [__output_code] from math import inf, nan
V1009 05:06:33.756000 26196 Lib\site-packages\torch\_inductor\codecache.py:2145] [0/2] [__output_code] from cmath import nanj
V1009 05:06:33.756000 26196 Lib\site-packages\torch\_inductor\codecache.py:2145] [0/2] [__output_code] from torch._inductor.hooks import run_intermediate_hooks
V1009 05:06:33.756000 26196 Lib\site-packages\torch\_inductor\codecache.py:2145] [0/2] [__output_code] from torch._inductor.utils import maybe_profile
V1009 05:06:33.756000 26196 Lib\site-packages\torch\_inductor\codecache.py:2145] [0/2] [__output_code] from torch._inductor.codegen.memory_planning import _align as align
V1009 05:06:33.756000 26196 Lib\site-packages\torch\_inductor\codecache.py:2145] [0/2] [__output_code] from torch import device, empty_strided
V1009 05:06:33.756000 26196 Lib\site-packages\torch\_inductor\codecache.py:2145] [0/2] [__output_code] from torch._inductor.async_compile import AsyncCompile
V1009 05:06:33.756000 26196 Lib\site-packages\torch\_inductor\codecache.py:2145] [0/2] [__output_code] from torch._inductor.select_algorithm import extern_kernels
V1009 05:06:33.756000 26196 Lib\site-packages\torch\_inductor\codecache.py:2145] [0/2] [__output_code] 
V1009 05:06:33.756000 26196 Lib\site-packages\torch\_inductor\codecache.py:2145] [0/2] [__output_code] aten = torch.ops.aten
V1009 05:06:33.756000 26196 Lib\site-packages\torch\_inductor\codecache.py:2145] [0/2] [__output_code] inductor_ops = torch.ops.inductor
V1009 05:06:33.756000 26196 Lib\site-packages\torch\_inductor\codecache.py:2145] [0/2] [__output_code] _quantized = torch.ops._quantized
V1009 05:06:33.756000 26196 Lib\site-packages\torch\_inductor\codecache.py:2145] [0/2] [__output_code] assert_size_stride = torch._C._dynamo.guards.assert_size_stride
V1009 05:06:33.756000 26196 Lib\site-packages\torch\_inductor\codecache.py:2145] [0/2] [__output_code] assert_size_stride_grouped = torch._C._dynamo.guards.assert_size_stride_grouped
V1009 05:06:33.756000 26196 Lib\site-packages\torch\_inductor\codecache.py:2145] [0/2] [__output_code] assert_alignment = torch._C._dynamo.guards.assert_alignment
V1009 05:06:33.756000 26196 Lib\site-packages\torch\_inductor\codecache.py:2145] [0/2] [__output_code] empty_strided_cpu = torch._C._dynamo.guards._empty_strided_cpu
V1009 05:06:33.756000 26196 Lib\site-packages\torch\_inductor\codecache.py:2145] [0/2] [__output_code] empty_strided_cpu_pinned = torch._C._dynamo.guards._empty_strided_cpu_pinned
V1009 05:06:33.756000 26196 Lib\site-packages\torch\_inductor\codecache.py:2145] [0/2] [__output_code] empty_strided_cuda = torch._C._dynamo.guards._empty_strided_cuda
V1009 05:06:33.756000 26196 Lib\site-packages\torch\_inductor\codecache.py:2145] [0/2] [__output_code] empty_strided_xpu = torch._C._dynamo.guards._empty_strided_xpu
V1009 05:06:33.756000 26196 Lib\site-packages\torch\_inductor\codecache.py:2145] [0/2] [__output_code] empty_strided_mtia = torch._C._dynamo.guards._empty_strided_mtia
V1009 05:06:33.756000 26196 Lib\site-packages\torch\_inductor\codecache.py:2145] [0/2] [__output_code] reinterpret_tensor = torch._C._dynamo.guards._reinterpret_tensor
V1009 05:06:33.756000 26196 Lib\site-packages\torch\_inductor\codecache.py:2145] [0/2] [__output_code] alloc_from_pool = torch.ops.inductor._alloc_from_pool
V1009 05:06:33.756000 26196 Lib\site-packages\torch\_inductor\codecache.py:2145] [0/2] [__output_code] async_compile = AsyncCompile()
V1009 05:06:33.756000 26196 Lib\site-packages\torch\_inductor\codecache.py:2145] [0/2] [__output_code] empty_strided_p2p = torch._C._distributed_c10d._SymmetricMemory.empty_strided_p2p
V1009 05:06:33.756000 26196 Lib\site-packages\torch\_inductor\codecache.py:2145] [0/2] [__output_code] 
V1009 05:06:33.756000 26196 Lib\site-packages\torch\_inductor\codecache.py:2145] [0/2] [__output_code] 
V1009 05:06:33.756000 26196 Lib\site-packages\torch\_inductor\codecache.py:2145] [0/2] [__output_code] cpp_fused__softmax_backward_data_0 = async_compile.cpp_pybinding(['const float*', 'const float*', 'float*', 'float*', 'const int64_t'], r'''
V1009 05:06:33.756000 26196 Lib\site-packages\torch\_inductor\codecache.py:2145] [0/2] [__output_code] #include <torch/csrc/inductor/cpp_prefix.h>
V1009 05:06:33.756000 26196 Lib\site-packages\torch\_inductor\codecache.py:2145] [0/2] [__output_code] extern "C" __declspec(dllexport) void  kernel(const float* in_ptr0,
V1009 05:06:33.756000 26196 Lib\site-packages\torch\_inductor\codecache.py:2145] [0/2] [__output_code]                        const float* in_ptr1,
V1009 05:06:33.756000 26196 Lib\site-packages\torch\_inductor\codecache.py:2145] [0/2] [__output_code]                        float* out_ptr0,
V1009 05:06:33.756000 26196 Lib\site-packages\torch\_inductor\codecache.py:2145] [0/2] [__output_code]                        float* out_ptr1,
V1009 05:06:33.756000 26196 Lib\site-packages\torch\_inductor\codecache.py:2145] [0/2] [__output_code]                        const int64_t ks0)
V1009 05:06:33.756000 26196 Lib\site-packages\torch\_inductor\codecache.py:2145] [0/2] [__output_code] {
V1009 05:06:33.756000 26196 Lib\site-packages\torch\_inductor\codecache.py:2145] [0/2] [__output_code]     std::atomic<int> inductor_cpu_integer_div_error{0};
V1009 05:06:33.756000 26196 Lib\site-packages\torch\_inductor\codecache.py:2145] [0/2] [__output_code]     inductor_cpu_integer_div_error_flag = &inductor_cpu_integer_div_error;
V1009 05:06:33.756000 26196 Lib\site-packages\torch\_inductor\codecache.py:2145] [0/2] [__output_code]     {
V1009 05:06:33.756000 26196 Lib\site-packages\torch\_inductor\codecache.py:2145] [0/2] [__output_code]         for(int64_t x0=static_cast<int64_t>(0LL); x0<static_cast<int64_t>(ks0); x0+=static_cast<int64_t>(1LL))
V1009 05:06:33.756000 26196 Lib\site-packages\torch\_inductor\codecache.py:2145] [0/2] [__output_code]         {
V1009 05:06:33.756000 26196 Lib\site-packages\torch\_inductor\codecache.py:2145] [0/2] [__output_code]             {
V1009 05:06:33.756000 26196 Lib\site-packages\torch\_inductor\codecache.py:2145] [0/2] [__output_code]                 float tmp_acc0 = 0;
V1009 05:06:33.756000 26196 Lib\site-packages\torch\_inductor\codecache.py:2145] [0/2] [__output_code]                 at::vec::Vectorized<float> tmp_acc0_vec = at::vec::Vectorized<float>(0);
V1009 05:06:33.756000 26196 Lib\site-packages\torch\_inductor\codecache.py:2145] [0/2] [__output_code]                 for(int64_t x1=static_cast<int64_t>(0LL); x1<static_cast<int64_t>(10LL); x1+=static_cast<int64_t>(8LL))
V1009 05:06:33.756000 26196 Lib\site-packages\torch\_inductor\codecache.py:2145] [0/2] [__output_code]                 {
V1009 05:06:33.756000 26196 Lib\site-packages\torch\_inductor\codecache.py:2145] [0/2] [__output_code]                     {
V1009 05:06:33.756000 26196 Lib\site-packages\torch\_inductor\codecache.py:2145] [0/2] [__output_code]                         if(C10_LIKELY(x1 >= static_cast<int64_t>(0) && x1 < static_cast<int64_t>(8LL)))
V1009 05:06:33.756000 26196 Lib\site-packages\torch\_inductor\codecache.py:2145] [0/2] [__output_code]                         {
V1009 05:06:33.756000 26196 Lib\site-packages\torch\_inductor\codecache.py:2145] [0/2] [__output_code]                             auto tmp0 = at::vec::Vectorized<float>::loadu(in_ptr0 + static_cast<int64_t>(x1 + 10LL*x0), static_cast<int64_t>(8));
V1009 05:06:33.756000 26196 Lib\site-packages\torch\_inductor\codecache.py:2145] [0/2] [__output_code]                             auto tmp1 = at::vec::Vectorized<float>::loadu(in_ptr1 + static_cast<int64_t>(x1 + 10LL*x0), static_cast<int64_t>(8));
V1009 05:06:33.756000 26196 Lib\site-packages\torch\_inductor\codecache.py:2145] [0/2] [__output_code]                             auto tmp2 = tmp0 * tmp1;
V1009 05:06:33.756000 26196 Lib\site-packages\torch\_inductor\codecache.py:2145] [0/2] [__output_code]                             tmp_acc0_vec = tmp_acc0_vec + tmp2;
V1009 05:06:33.756000 26196 Lib\site-packages\torch\_inductor\codecache.py:2145] [0/2] [__output_code]                         }
V1009 05:06:33.756000 26196 Lib\site-packages\torch\_inductor\codecache.py:2145] [0/2] [__output_code]                         if(C10_UNLIKELY(x1 >= static_cast<int64_t>(8LL) && x1 < static_cast<int64_t>(10LL)))
V1009 05:06:33.756000 26196 Lib\site-packages\torch\_inductor\codecache.py:2145] [0/2] [__output_code]                         {
V1009 05:06:33.756000 26196 Lib\site-packages\torch\_inductor\codecache.py:2145] [0/2] [__output_code]                             auto tmp0 = at::vec::Vectorized<float>::loadu(in_ptr0 + static_cast<int64_t>(x1 + 10LL*x0), static_cast<int64_t>(2LL));
V1009 05:06:33.756000 26196 Lib\site-packages\torch\_inductor\codecache.py:2145] [0/2] [__output_code]                             auto tmp1 = at::vec::Vectorized<float>::loadu(in_ptr1 + static_cast<int64_t>(x1 + 10LL*x0), static_cast<int64_t>(2LL));
V1009 05:06:33.756000 26196 Lib\site-packages\torch\_inductor\codecache.py:2145] [0/2] [__output_code]                             auto tmp2 = tmp0 * tmp1;
V1009 05:06:33.756000 26196 Lib\site-packages\torch\_inductor\codecache.py:2145] [0/2] [__output_code]                             tmp_acc0_vec = sum_masked_reduce(tmp_acc0_vec, tmp2, static_cast<int64_t>(2LL));
V1009 05:06:33.756000 26196 Lib\site-packages\torch\_inductor\codecache.py:2145] [0/2] [__output_code]                         }
V1009 05:06:33.756000 26196 Lib\site-packages\torch\_inductor\codecache.py:2145] [0/2] [__output_code]                     }
V1009 05:06:33.756000 26196 Lib\site-packages\torch\_inductor\codecache.py:2145] [0/2] [__output_code]                 }
V1009 05:06:33.756000 26196 Lib\site-packages\torch\_inductor\codecache.py:2145] [0/2] [__output_code]                 tmp_acc0 = tmp_acc0 + at::vec::vec_reduce_all<float, 1>([](at::vec::Vectorized<float>& x, at::vec::Vectorized<float>& y) { return x + y; }, tmp_acc0_vec);
V1009 05:06:33.756000 26196 Lib\site-packages\torch\_inductor\codecache.py:2145] [0/2] [__output_code]                 out_ptr0[static_cast<int64_t>(x0)] = static_cast<float>(tmp_acc0);
V1009 05:06:33.756000 26196 Lib\site-packages\torch\_inductor\codecache.py:2145] [0/2] [__output_code]             }
V1009 05:06:33.756000 26196 Lib\site-packages\torch\_inductor\codecache.py:2145] [0/2] [__output_code]             for(int64_t x1=static_cast<int64_t>(0LL); x1<static_cast<int64_t>(10LL); x1+=static_cast<int64_t>(8LL))
V1009 05:06:33.756000 26196 Lib\site-packages\torch\_inductor\codecache.py:2145] [0/2] [__output_code]             {
V1009 05:06:33.756000 26196 Lib\site-packages\torch\_inductor\codecache.py:2145] [0/2] [__output_code]                 {
V1009 05:06:33.756000 26196 Lib\site-packages\torch\_inductor\codecache.py:2145] [0/2] [__output_code]                     if(C10_LIKELY(x1 >= static_cast<int64_t>(0) && x1 < static_cast<int64_t>(8LL)))
V1009 05:06:33.756000 26196 Lib\site-packages\torch\_inductor\codecache.py:2145] [0/2] [__output_code]                     {
V1009 05:06:33.756000 26196 Lib\site-packages\torch\_inductor\codecache.py:2145] [0/2] [__output_code]                         auto tmp0 = at::vec::Vectorized<float>::loadu(in_ptr1 + static_cast<int64_t>(x1 + 10LL*x0), static_cast<int64_t>(8));
V1009 05:06:33.756000 26196 Lib\site-packages\torch\_inductor\codecache.py:2145] [0/2] [__output_code]                         auto tmp2 = out_ptr0[static_cast<int64_t>(x0)];
V1009 05:06:33.756000 26196 Lib\site-packages\torch\_inductor\codecache.py:2145] [0/2] [__output_code]                         auto tmp3 = at::vec::Vectorized<float>::loadu(in_ptr0 + static_cast<int64_t>(x1 + 10LL*x0), static_cast<int64_t>(8));
V1009 05:06:33.756000 26196 Lib\site-packages\torch\_inductor\codecache.py:2145] [0/2] [__output_code]                         auto tmp1 = tmp0.neg();
V1009 05:06:33.756000 26196 Lib\site-packages\torch\_inductor\codecache.py:2145] [0/2] [__output_code]                         auto tmp4 = tmp3 * tmp0;
V1009 05:06:33.756000 26196 Lib\site-packages\torch\_inductor\codecache.py:2145] [0/2] [__output_code]                         auto tmp5 = at::vec::Vectorized<float>(tmp2);
V1009 05:06:33.756000 26196 Lib\site-packages\torch\_inductor\codecache.py:2145] [0/2] [__output_code]                         auto tmp6 = fmadd(tmp1, tmp5, tmp4);
V1009 05:06:33.756000 26196 Lib\site-packages\torch\_inductor\codecache.py:2145] [0/2] [__output_code]                         tmp6.store(out_ptr1 + static_cast<int64_t>(x1 + 10LL*x0));
V1009 05:06:33.756000 26196 Lib\site-packages\torch\_inductor\codecache.py:2145] [0/2] [__output_code]                     }
V1009 05:06:33.756000 26196 Lib\site-packages\torch\_inductor\codecache.py:2145] [0/2] [__output_code]                     if(C10_UNLIKELY(x1 >= static_cast<int64_t>(8LL) && x1 < static_cast<int64_t>(10LL)))
V1009 05:06:33.756000 26196 Lib\site-packages\torch\_inductor\codecache.py:2145] [0/2] [__output_code]                     {
V1009 05:06:33.756000 26196 Lib\site-packages\torch\_inductor\codecache.py:2145] [0/2] [__output_code]                         auto tmp0 = at::vec::Vectorized<float>::loadu(in_ptr1 + static_cast<int64_t>(x1 + 10LL*x0), static_cast<int64_t>(2LL));
V1009 05:06:33.756000 26196 Lib\site-packages\torch\_inductor\codecache.py:2145] [0/2] [__output_code]                         auto tmp2 = out_ptr0[static_cast<int64_t>(x0)];
V1009 05:06:33.756000 26196 Lib\site-packages\torch\_inductor\codecache.py:2145] [0/2] [__output_code]                         auto tmp3 = at::vec::Vectorized<float>::loadu(in_ptr0 + static_cast<int64_t>(x1 + 10LL*x0), static_cast<int64_t>(2LL));
V1009 05:06:33.756000 26196 Lib\site-packages\torch\_inductor\codecache.py:2145] [0/2] [__output_code]                         auto tmp1 = tmp0.neg();
V1009 05:06:33.756000 26196 Lib\site-packages\torch\_inductor\codecache.py:2145] [0/2] [__output_code]                         auto tmp4 = tmp3 * tmp0;
V1009 05:06:33.756000 26196 Lib\site-packages\torch\_inductor\codecache.py:2145] [0/2] [__output_code]                         auto tmp5 = at::vec::Vectorized<float>(tmp2);
V1009 05:06:33.756000 26196 Lib\site-packages\torch\_inductor\codecache.py:2145] [0/2] [__output_code]                         auto tmp6 = fmadd(tmp1, tmp5, tmp4);
V1009 05:06:33.756000 26196 Lib\site-packages\torch\_inductor\codecache.py:2145] [0/2] [__output_code]                         tmp6.store(out_ptr1 + static_cast<int64_t>(x1 + 10LL*x0), static_cast<int64_t>(2LL));
V1009 05:06:33.756000 26196 Lib\site-packages\torch\_inductor\codecache.py:2145] [0/2] [__output_code]                     }
V1009 05:06:33.756000 26196 Lib\site-packages\torch\_inductor\codecache.py:2145] [0/2] [__output_code]                 }
V1009 05:06:33.756000 26196 Lib\site-packages\torch\_inductor\codecache.py:2145] [0/2] [__output_code]             }
V1009 05:06:33.756000 26196 Lib\site-packages\torch\_inductor\codecache.py:2145] [0/2] [__output_code]         }
V1009 05:06:33.756000 26196 Lib\site-packages\torch\_inductor\codecache.py:2145] [0/2] [__output_code]     }
V1009 05:06:33.756000 26196 Lib\site-packages\torch\_inductor\codecache.py:2145] [0/2] [__output_code]     inductor_cpu_integer_div_error_flag = nullptr;
V1009 05:06:33.756000 26196 Lib\site-packages\torch\_inductor\codecache.py:2145] [0/2] [__output_code]     inductor_cpu_throw_if_integer_div_error(inductor_cpu_integer_div_error);
V1009 05:06:33.756000 26196 Lib\site-packages\torch\_inductor\codecache.py:2145] [0/2] [__output_code] }
V1009 05:06:33.756000 26196 Lib\site-packages\torch\_inductor\codecache.py:2145] [0/2] [__output_code] ''')
V1009 05:06:33.756000 26196 Lib\site-packages\torch\_inductor\codecache.py:2145] [0/2] [__output_code] 
V1009 05:06:33.756000 26196 Lib\site-packages\torch\_inductor\codecache.py:2145] [0/2] [__output_code] 
V1009 05:06:33.756000 26196 Lib\site-packages\torch\_inductor\codecache.py:2145] [0/2] [__output_code] cpp_fused_sum_threshold_backward_1 = async_compile.cpp_pybinding(['float*', 'const float*', 'const float*', 'float*', 'const int64_t'], r'''
V1009 05:06:33.756000 26196 Lib\site-packages\torch\_inductor\codecache.py:2145] [0/2] [__output_code] #include <torch/csrc/inductor/cpp_prefix.h>
V1009 05:06:33.756000 26196 Lib\site-packages\torch\_inductor\codecache.py:2145] [0/2] [__output_code] extern "C" __declspec(dllexport) void  kernel(float* in_out_ptr0,
V1009 05:06:33.756000 26196 Lib\site-packages\torch\_inductor\codecache.py:2145] [0/2] [__output_code]                        const float* in_ptr0,
V1009 05:06:33.756000 26196 Lib\site-packages\torch\_inductor\codecache.py:2145] [0/2] [__output_code]                        const float* in_ptr1,
V1009 05:06:33.756000 26196 Lib\site-packages\torch\_inductor\codecache.py:2145] [0/2] [__output_code]                        float* out_ptr0,
V1009 05:06:33.756000 26196 Lib\site-packages\torch\_inductor\codecache.py:2145] [0/2] [__output_code]                        const int64_t ks0)
V1009 05:06:33.756000 26196 Lib\site-packages\torch\_inductor\codecache.py:2145] [0/2] [__output_code] {
V1009 05:06:33.756000 26196 Lib\site-packages\torch\_inductor\codecache.py:2145] [0/2] [__output_code]     std::atomic<int> inductor_cpu_integer_div_error{0};
V1009 05:06:33.756000 26196 Lib\site-packages\torch\_inductor\codecache.py:2145] [0/2] [__output_code]     inductor_cpu_integer_div_error_flag = &inductor_cpu_integer_div_error;
V1009 05:06:33.756000 26196 Lib\site-packages\torch\_inductor\codecache.py:2145] [0/2] [__output_code]     {
V1009 05:06:33.756000 26196 Lib\site-packages\torch\_inductor\codecache.py:2145] [0/2] [__output_code]         for(int64_t x0=static_cast<int64_t>(0LL); x0<static_cast<int64_t>(10LL); x0+=static_cast<int64_t>(8LL))
V1009 05:06:33.756000 26196 Lib\site-packages\torch\_inductor\codecache.py:2145] [0/2] [__output_code]         {
V1009 05:06:33.756000 26196 Lib\site-packages\torch\_inductor\codecache.py:2145] [0/2] [__output_code]             {
V1009 05:06:33.756000 26196 Lib\site-packages\torch\_inductor\codecache.py:2145] [0/2] [__output_code]                 float tmp_acc0 = 0;
V1009 05:06:33.756000 26196 Lib\site-packages\torch\_inductor\codecache.py:2145] [0/2] [__output_code]                 at::vec::Vectorized<float> tmp_acc0_vec = at::vec::Vectorized<float>(0);
V1009 05:06:33.756000 26196 Lib\site-packages\torch\_inductor\codecache.py:2145] [0/2] [__output_code]                 for(int64_t x1=static_cast<int64_t>(0LL); x1<static_cast<int64_t>(ks0); x1+=static_cast<int64_t>(1LL))
V1009 05:06:33.756000 26196 Lib\site-packages\torch\_inductor\codecache.py:2145] [0/2] [__output_code]                 {
V1009 05:06:33.756000 26196 Lib\site-packages\torch\_inductor\codecache.py:2145] [0/2] [__output_code]                     {
V1009 05:06:33.756000 26196 Lib\site-packages\torch\_inductor\codecache.py:2145] [0/2] [__output_code]                         if(C10_LIKELY(x0 >= static_cast<int64_t>(0) && x0 < static_cast<int64_t>(8LL)))
V1009 05:06:33.756000 26196 Lib\site-packages\torch\_inductor\codecache.py:2145] [0/2] [__output_code]                         {
V1009 05:06:33.756000 26196 Lib\site-packages\torch\_inductor\codecache.py:2145] [0/2] [__output_code]                             auto tmp0 = at::vec::Vectorized<float>::loadu(in_ptr0 + static_cast<int64_t>(x0 + 10LL*x1), static_cast<int64_t>(8));
V1009 05:06:33.756000 26196 Lib\site-packages\torch\_inductor\codecache.py:2145] [0/2] [__output_code]                             tmp_acc0_vec = tmp_acc0_vec + tmp0;
V1009 05:06:33.756000 26196 Lib\site-packages\torch\_inductor\codecache.py:2145] [0/2] [__output_code]                         }
V1009 05:06:33.756000 26196 Lib\site-packages\torch\_inductor\codecache.py:2145] [0/2] [__output_code]                         if(C10_UNLIKELY(x0 >= static_cast<int64_t>(8LL) && x0 < static_cast<int64_t>(10LL)))
V1009 05:06:33.756000 26196 Lib\site-packages\torch\_inductor\codecache.py:2145] [0/2] [__output_code]                         {
V1009 05:06:33.756000 26196 Lib\site-packages\torch\_inductor\codecache.py:2145] [0/2] [__output_code]                             auto tmp0 = at::vec::Vectorized<float>::loadu(in_ptr0 + static_cast<int64_t>(x0 + 10LL*x1), static_cast<int64_t>(2LL));
V1009 05:06:33.756000 26196 Lib\site-packages\torch\_inductor\codecache.py:2145] [0/2] [__output_code]                             tmp_acc0_vec = sum_masked_reduce(tmp_acc0_vec, tmp0, static_cast<int64_t>(2LL));
V1009 05:06:33.756000 26196 Lib\site-packages\torch\_inductor\codecache.py:2145] [0/2] [__output_code]                         }
V1009 05:06:33.756000 26196 Lib\site-packages\torch\_inductor\codecache.py:2145] [0/2] [__output_code]                     }
V1009 05:06:33.756000 26196 Lib\site-packages\torch\_inductor\codecache.py:2145] [0/2] [__output_code]                 }
V1009 05:06:33.756000 26196 Lib\site-packages\torch\_inductor\codecache.py:2145] [0/2] [__output_code]                 if(C10_LIKELY(x0 >= static_cast<int64_t>(0) && x0 < static_cast<int64_t>(8LL)))
V1009 05:06:33.756000 26196 Lib\site-packages\torch\_inductor\codecache.py:2145] [0/2] [__output_code]                 {
V1009 05:06:33.756000 26196 Lib\site-packages\torch\_inductor\codecache.py:2145] [0/2] [__output_code]                     tmp_acc0_vec.store(out_ptr0 + static_cast<int64_t>(x0));
V1009 05:06:33.756000 26196 Lib\site-packages\torch\_inductor\codecache.py:2145] [0/2] [__output_code]                 }
V1009 05:06:33.756000 26196 Lib\site-packages\torch\_inductor\codecache.py:2145] [0/2] [__output_code]                 if(C10_UNLIKELY(x0 >= static_cast<int64_t>(8LL) && x0 < static_cast<int64_t>(10LL)))
V1009 05:06:33.756000 26196 Lib\site-packages\torch\_inductor\codecache.py:2145] [0/2] [__output_code]                 {
V1009 05:06:33.756000 26196 Lib\site-packages\torch\_inductor\codecache.py:2145] [0/2] [__output_code]                     tmp_acc0_vec.store(out_ptr0 + static_cast<int64_t>(x0), static_cast<int64_t>(2LL));
V1009 05:06:33.756000 26196 Lib\site-packages\torch\_inductor\codecache.py:2145] [0/2] [__output_code]                 }
V1009 05:06:33.756000 26196 Lib\site-packages\torch\_inductor\codecache.py:2145] [0/2] [__output_code]             }
V1009 05:06:33.756000 26196 Lib\site-packages\torch\_inductor\codecache.py:2145] [0/2] [__output_code]         }
V1009 05:06:33.756000 26196 Lib\site-packages\torch\_inductor\codecache.py:2145] [0/2] [__output_code]     }
V1009 05:06:33.756000 26196 Lib\site-packages\torch\_inductor\codecache.py:2145] [0/2] [__output_code]     #pragma omp parallel num_threads(8)
V1009 05:06:33.756000 26196 Lib\site-packages\torch\_inductor\codecache.py:2145] [0/2] [__output_code]     {
V1009 05:06:33.756000 26196 Lib\site-packages\torch\_inductor\codecache.py:2145] [0/2] [__output_code]         int tid = omp_get_thread_num();
V1009 05:06:33.756000 26196 Lib\site-packages\torch\_inductor\codecache.py:2145] [0/2] [__output_code]         {
V1009 05:06:33.756000 26196 Lib\site-packages\torch\_inductor\codecache.py:2145] [0/2] [__output_code]             #pragma omp for
V1009 05:06:33.756000 26196 Lib\site-packages\torch\_inductor\codecache.py:2145] [0/2] [__output_code]             for(int64_t x0=static_cast<int64_t>(0LL); x0<static_cast<int64_t>(256LL*ks0); x0+=static_cast<int64_t>(8LL))
V1009 05:06:33.756000 26196 Lib\site-packages\torch\_inductor\codecache.py:2145] [0/2] [__output_code]             {
V1009 05:06:33.756000 26196 Lib\site-packages\torch\_inductor\codecache.py:2145] [0/2] [__output_code]                 {
V1009 05:06:33.756000 26196 Lib\site-packages\torch\_inductor\codecache.py:2145] [0/2] [__output_code]                     if(C10_LIKELY(x0 >= static_cast<int64_t>(0) && x0 < static_cast<int64_t>(256LL*ks0)))
V1009 05:06:33.756000 26196 Lib\site-packages\torch\_inductor\codecache.py:2145] [0/2] [__output_code]                     {
V1009 05:06:33.756000 26196 Lib\site-packages\torch\_inductor\codecache.py:2145] [0/2] [__output_code]                         auto tmp0 = at::vec::Vectorized<float>::loadu(in_out_ptr0 + static_cast<int64_t>(x0), static_cast<int64_t>(8));
V1009 05:06:33.756000 26196 Lib\site-packages\torch\_inductor\codecache.py:2145] [0/2] [__output_code]                         auto tmp4 = at::vec::Vectorized<float>::loadu(in_ptr1 + static_cast<int64_t>(x0), static_cast<int64_t>(8));
V1009 05:06:33.756000 26196 Lib\site-packages\torch\_inductor\codecache.py:2145] [0/2] [__output_code]                         auto tmp1 = static_cast<float>(0.0);
V1009 05:06:33.756000 26196 Lib\site-packages\torch\_inductor\codecache.py:2145] [0/2] [__output_code]                         auto tmp2 = at::vec::Vectorized<float>(tmp1);
V1009 05:06:33.756000 26196 Lib\site-packages\torch\_inductor\codecache.py:2145] [0/2] [__output_code]                         auto tmp3 = at::vec::VecMask<float,1>(tmp0 <= tmp2);
V1009 05:06:33.756000 26196 Lib\site-packages\torch\_inductor\codecache.py:2145] [0/2] [__output_code]                         auto tmp5 = decltype(tmp2)::blendv(tmp4, tmp2, tmp3.template cast<float,1>());
V1009 05:06:33.756000 26196 Lib\site-packages\torch\_inductor\codecache.py:2145] [0/2] [__output_code]                         tmp5.store(in_out_ptr0 + static_cast<int64_t>(x0));
V1009 05:06:33.756000 26196 Lib\site-packages\torch\_inductor\codecache.py:2145] [0/2] [__output_code]                     }
V1009 05:06:33.756000 26196 Lib\site-packages\torch\_inductor\codecache.py:2145] [0/2] [__output_code]                 }
V1009 05:06:33.756000 26196 Lib\site-packages\torch\_inductor\codecache.py:2145] [0/2] [__output_code]             }
V1009 05:06:33.756000 26196 Lib\site-packages\torch\_inductor\codecache.py:2145] [0/2] [__output_code]         }
V1009 05:06:33.756000 26196 Lib\site-packages\torch\_inductor\codecache.py:2145] [0/2] [__output_code]     }
V1009 05:06:33.756000 26196 Lib\site-packages\torch\_inductor\codecache.py:2145] [0/2] [__output_code]     inductor_cpu_integer_div_error_flag = nullptr;
V1009 05:06:33.756000 26196 Lib\site-packages\torch\_inductor\codecache.py:2145] [0/2] [__output_code]     inductor_cpu_throw_if_integer_div_error(inductor_cpu_integer_div_error);
V1009 05:06:33.756000 26196 Lib\site-packages\torch\_inductor\codecache.py:2145] [0/2] [__output_code] }
V1009 05:06:33.756000 26196 Lib\site-packages\torch\_inductor\codecache.py:2145] [0/2] [__output_code] ''')
V1009 05:06:33.756000 26196 Lib\site-packages\torch\_inductor\codecache.py:2145] [0/2] [__output_code] 
V1009 05:06:33.756000 26196 Lib\site-packages\torch\_inductor\codecache.py:2145] [0/2] [__output_code] 
V1009 05:06:33.756000 26196 Lib\site-packages\torch\_inductor\codecache.py:2145] [0/2] [__output_code] cpp_fused_sum_threshold_backward_2 = async_compile.cpp_pybinding(['float*', 'const float*', 'const float*', 'float*', 'const int64_t'], r'''
V1009 05:06:33.756000 26196 Lib\site-packages\torch\_inductor\codecache.py:2145] [0/2] [__output_code] #include <torch/csrc/inductor/cpp_prefix.h>
V1009 05:06:33.756000 26196 Lib\site-packages\torch\_inductor\codecache.py:2145] [0/2] [__output_code] extern "C" __declspec(dllexport) void  kernel(float* in_out_ptr0,
V1009 05:06:33.756000 26196 Lib\site-packages\torch\_inductor\codecache.py:2145] [0/2] [__output_code]                        const float* in_ptr0,
V1009 05:06:33.756000 26196 Lib\site-packages\torch\_inductor\codecache.py:2145] [0/2] [__output_code]                        const float* in_ptr1,
V1009 05:06:33.756000 26196 Lib\site-packages\torch\_inductor\codecache.py:2145] [0/2] [__output_code]                        float* out_ptr0,
V1009 05:06:33.756000 26196 Lib\site-packages\torch\_inductor\codecache.py:2145] [0/2] [__output_code]                        const int64_t ks0)
V1009 05:06:33.756000 26196 Lib\site-packages\torch\_inductor\codecache.py:2145] [0/2] [__output_code] {
V1009 05:06:33.756000 26196 Lib\site-packages\torch\_inductor\codecache.py:2145] [0/2] [__output_code]     std::atomic<int> inductor_cpu_integer_div_error{0};
V1009 05:06:33.756000 26196 Lib\site-packages\torch\_inductor\codecache.py:2145] [0/2] [__output_code]     inductor_cpu_integer_div_error_flag = &inductor_cpu_integer_div_error;
V1009 05:06:33.756000 26196 Lib\site-packages\torch\_inductor\codecache.py:2145] [0/2] [__output_code]     #pragma omp parallel num_threads(8)
V1009 05:06:33.756000 26196 Lib\site-packages\torch\_inductor\codecache.py:2145] [0/2] [__output_code]     {
V1009 05:06:33.756000 26196 Lib\site-packages\torch\_inductor\codecache.py:2145] [0/2] [__output_code]         int tid = omp_get_thread_num();
V1009 05:06:33.756000 26196 Lib\site-packages\torch\_inductor\codecache.py:2145] [0/2] [__output_code]         {
V1009 05:06:33.756000 26196 Lib\site-packages\torch\_inductor\codecache.py:2145] [0/2] [__output_code]             #pragma omp for
V1009 05:06:33.756000 26196 Lib\site-packages\torch\_inductor\codecache.py:2145] [0/2] [__output_code]             for(int64_t x0=static_cast<int64_t>(0LL); x0<static_cast<int64_t>(256LL); x0+=static_cast<int64_t>(8LL))
V1009 05:06:33.756000 26196 Lib\site-packages\torch\_inductor\codecache.py:2145] [0/2] [__output_code]             {
V1009 05:06:33.756000 26196 Lib\site-packages\torch\_inductor\codecache.py:2145] [0/2] [__output_code]                 {
V1009 05:06:33.756000 26196 Lib\site-packages\torch\_inductor\codecache.py:2145] [0/2] [__output_code]                     float tmp_acc0 = 0;
V1009 05:06:33.756000 26196 Lib\site-packages\torch\_inductor\codecache.py:2145] [0/2] [__output_code]                     at::vec::Vectorized<float> tmp_acc0_vec = at::vec::Vectorized<float>(0);
V1009 05:06:33.756000 26196 Lib\site-packages\torch\_inductor\codecache.py:2145] [0/2] [__output_code]                     for(int64_t x1=static_cast<int64_t>(0LL); x1<static_cast<int64_t>(ks0); x1+=static_cast<int64_t>(1LL))
V1009 05:06:33.756000 26196 Lib\site-packages\torch\_inductor\codecache.py:2145] [0/2] [__output_code]                     {
V1009 05:06:33.756000 26196 Lib\site-packages\torch\_inductor\codecache.py:2145] [0/2] [__output_code]                         {
V1009 05:06:33.756000 26196 Lib\site-packages\torch\_inductor\codecache.py:2145] [0/2] [__output_code]                             if(C10_LIKELY(x0 >= static_cast<int64_t>(0) && x0 < static_cast<int64_t>(256LL)))
V1009 05:06:33.756000 26196 Lib\site-packages\torch\_inductor\codecache.py:2145] [0/2] [__output_code]                             {
V1009 05:06:33.756000 26196 Lib\site-packages\torch\_inductor\codecache.py:2145] [0/2] [__output_code]                                 auto tmp0 = at::vec::Vectorized<float>::loadu(in_ptr0 + static_cast<int64_t>(x0 + 256LL*x1), static_cast<int64_t>(8));
V1009 05:06:33.756000 26196 Lib\site-packages\torch\_inductor\codecache.py:2145] [0/2] [__output_code]                                 tmp_acc0_vec = tmp_acc0_vec + tmp0;
V1009 05:06:33.756000 26196 Lib\site-packages\torch\_inductor\codecache.py:2145] [0/2] [__output_code]                             }
V1009 05:06:33.756000 26196 Lib\site-packages\torch\_inductor\codecache.py:2145] [0/2] [__output_code]                         }
V1009 05:06:33.756000 26196 Lib\site-packages\torch\_inductor\codecache.py:2145] [0/2] [__output_code]                     }
V1009 05:06:33.756000 26196 Lib\site-packages\torch\_inductor\codecache.py:2145] [0/2] [__output_code]                     if(C10_LIKELY(x0 >= static_cast<int64_t>(0) && x0 < static_cast<int64_t>(256LL)))
V1009 05:06:33.756000 26196 Lib\site-packages\torch\_inductor\codecache.py:2145] [0/2] [__output_code]                     {
V1009 05:06:33.756000 26196 Lib\site-packages\torch\_inductor\codecache.py:2145] [0/2] [__output_code]                         tmp_acc0_vec.store(out_ptr0 + static_cast<int64_t>(x0));
V1009 05:06:33.756000 26196 Lib\site-packages\torch\_inductor\codecache.py:2145] [0/2] [__output_code]                     }
V1009 05:06:33.756000 26196 Lib\site-packages\torch\_inductor\codecache.py:2145] [0/2] [__output_code]                 }
V1009 05:06:33.756000 26196 Lib\site-packages\torch\_inductor\codecache.py:2145] [0/2] [__output_code]             }
V1009 05:06:33.756000 26196 Lib\site-packages\torch\_inductor\codecache.py:2145] [0/2] [__output_code]         }
V1009 05:06:33.756000 26196 Lib\site-packages\torch\_inductor\codecache.py:2145] [0/2] [__output_code]         {
V1009 05:06:33.756000 26196 Lib\site-packages\torch\_inductor\codecache.py:2145] [0/2] [__output_code]             #pragma omp for
V1009 05:06:33.756000 26196 Lib\site-packages\torch\_inductor\codecache.py:2145] [0/2] [__output_code]             for(int64_t x0=static_cast<int64_t>(0LL); x0<static_cast<int64_t>(256LL*ks0); x0+=static_cast<int64_t>(8LL))
V1009 05:06:33.756000 26196 Lib\site-packages\torch\_inductor\codecache.py:2145] [0/2] [__output_code]             {
V1009 05:06:33.756000 26196 Lib\site-packages\torch\_inductor\codecache.py:2145] [0/2] [__output_code]                 {
V1009 05:06:33.756000 26196 Lib\site-packages\torch\_inductor\codecache.py:2145] [0/2] [__output_code]                     if(C10_LIKELY(x0 >= static_cast<int64_t>(0) && x0 < static_cast<int64_t>(256LL*ks0)))
V1009 05:06:33.756000 26196 Lib\site-packages\torch\_inductor\codecache.py:2145] [0/2] [__output_code]                     {
V1009 05:06:33.756000 26196 Lib\site-packages\torch\_inductor\codecache.py:2145] [0/2] [__output_code]                         auto tmp0 = at::vec::Vectorized<float>::loadu(in_out_ptr0 + static_cast<int64_t>(x0), static_cast<int64_t>(8));
V1009 05:06:33.756000 26196 Lib\site-packages\torch\_inductor\codecache.py:2145] [0/2] [__output_code]                         auto tmp4 = at::vec::Vectorized<float>::loadu(in_ptr1 + static_cast<int64_t>(x0), static_cast<int64_t>(8));
V1009 05:06:33.756000 26196 Lib\site-packages\torch\_inductor\codecache.py:2145] [0/2] [__output_code]                         auto tmp1 = static_cast<float>(0.0);
V1009 05:06:33.756000 26196 Lib\site-packages\torch\_inductor\codecache.py:2145] [0/2] [__output_code]                         auto tmp2 = at::vec::Vectorized<float>(tmp1);
V1009 05:06:33.756000 26196 Lib\site-packages\torch\_inductor\codecache.py:2145] [0/2] [__output_code]                         auto tmp3 = at::vec::VecMask<float,1>(tmp0 <= tmp2);
V1009 05:06:33.756000 26196 Lib\site-packages\torch\_inductor\codecache.py:2145] [0/2] [__output_code]                         auto tmp5 = decltype(tmp2)::blendv(tmp4, tmp2, tmp3.template cast<float,1>());
V1009 05:06:33.756000 26196 Lib\site-packages\torch\_inductor\codecache.py:2145] [0/2] [__output_code]                         tmp5.store(in_out_ptr0 + static_cast<int64_t>(x0));
V1009 05:06:33.756000 26196 Lib\site-packages\torch\_inductor\codecache.py:2145] [0/2] [__output_code]                     }
V1009 05:06:33.756000 26196 Lib\site-packages\torch\_inductor\codecache.py:2145] [0/2] [__output_code]                 }
V1009 05:06:33.756000 26196 Lib\site-packages\torch\_inductor\codecache.py:2145] [0/2] [__output_code]             }
V1009 05:06:33.756000 26196 Lib\site-packages\torch\_inductor\codecache.py:2145] [0/2] [__output_code]         }
V1009 05:06:33.756000 26196 Lib\site-packages\torch\_inductor\codecache.py:2145] [0/2] [__output_code]     }
V1009 05:06:33.756000 26196 Lib\site-packages\torch\_inductor\codecache.py:2145] [0/2] [__output_code]     inductor_cpu_integer_div_error_flag = nullptr;
V1009 05:06:33.756000 26196 Lib\site-packages\torch\_inductor\codecache.py:2145] [0/2] [__output_code]     inductor_cpu_throw_if_integer_div_error(inductor_cpu_integer_div_error);
V1009 05:06:33.756000 26196 Lib\site-packages\torch\_inductor\codecache.py:2145] [0/2] [__output_code] }
V1009 05:06:33.756000 26196 Lib\site-packages\torch\_inductor\codecache.py:2145] [0/2] [__output_code] ''')
V1009 05:06:33.756000 26196 Lib\site-packages\torch\_inductor\codecache.py:2145] [0/2] [__output_code] 
V1009 05:06:33.756000 26196 Lib\site-packages\torch\_inductor\codecache.py:2145] [0/2] [__output_code] 
V1009 05:06:33.756000 26196 Lib\site-packages\torch\_inductor\codecache.py:2145] [0/2] [__output_code] cpp_fused_sum_3 = async_compile.cpp_pybinding(['const float*', 'float*', 'const int64_t'], r'''
V1009 05:06:33.756000 26196 Lib\site-packages\torch\_inductor\codecache.py:2145] [0/2] [__output_code] #include <torch/csrc/inductor/cpp_prefix.h>
V1009 05:06:33.756000 26196 Lib\site-packages\torch\_inductor\codecache.py:2145] [0/2] [__output_code] extern "C" __declspec(dllexport) void  kernel(const float* in_ptr0,
V1009 05:06:33.756000 26196 Lib\site-packages\torch\_inductor\codecache.py:2145] [0/2] [__output_code]                        float* out_ptr0,
V1009 05:06:33.756000 26196 Lib\site-packages\torch\_inductor\codecache.py:2145] [0/2] [__output_code]                        const int64_t ks0)
V1009 05:06:33.756000 26196 Lib\site-packages\torch\_inductor\codecache.py:2145] [0/2] [__output_code] {
V1009 05:06:33.756000 26196 Lib\site-packages\torch\_inductor\codecache.py:2145] [0/2] [__output_code]     std::atomic<int> inductor_cpu_integer_div_error{0};
V1009 05:06:33.756000 26196 Lib\site-packages\torch\_inductor\codecache.py:2145] [0/2] [__output_code]     inductor_cpu_integer_div_error_flag = &inductor_cpu_integer_div_error;
V1009 05:06:33.756000 26196 Lib\site-packages\torch\_inductor\codecache.py:2145] [0/2] [__output_code]     #pragma omp parallel num_threads(8)
V1009 05:06:33.756000 26196 Lib\site-packages\torch\_inductor\codecache.py:2145] [0/2] [__output_code]     {
V1009 05:06:33.756000 26196 Lib\site-packages\torch\_inductor\codecache.py:2145] [0/2] [__output_code]         int tid = omp_get_thread_num();
V1009 05:06:33.756000 26196 Lib\site-packages\torch\_inductor\codecache.py:2145] [0/2] [__output_code]         {
V1009 05:06:33.756000 26196 Lib\site-packages\torch\_inductor\codecache.py:2145] [0/2] [__output_code]             #pragma omp for
V1009 05:06:33.756000 26196 Lib\site-packages\torch\_inductor\codecache.py:2145] [0/2] [__output_code]             for(int64_t x0=static_cast<int64_t>(0LL); x0<static_cast<int64_t>(256LL); x0+=static_cast<int64_t>(8LL))
V1009 05:06:33.756000 26196 Lib\site-packages\torch\_inductor\codecache.py:2145] [0/2] [__output_code]             {
V1009 05:06:33.756000 26196 Lib\site-packages\torch\_inductor\codecache.py:2145] [0/2] [__output_code]                 {
V1009 05:06:33.756000 26196 Lib\site-packages\torch\_inductor\codecache.py:2145] [0/2] [__output_code]                     float tmp_acc0 = 0;
V1009 05:06:33.756000 26196 Lib\site-packages\torch\_inductor\codecache.py:2145] [0/2] [__output_code]                     at::vec::Vectorized<float> tmp_acc0_vec = at::vec::Vectorized<float>(0);
V1009 05:06:33.756000 26196 Lib\site-packages\torch\_inductor\codecache.py:2145] [0/2] [__output_code]                     for(int64_t x1=static_cast<int64_t>(0LL); x1<static_cast<int64_t>(ks0); x1+=static_cast<int64_t>(1LL))
V1009 05:06:33.756000 26196 Lib\site-packages\torch\_inductor\codecache.py:2145] [0/2] [__output_code]                     {
V1009 05:06:33.756000 26196 Lib\site-packages\torch\_inductor\codecache.py:2145] [0/2] [__output_code]                         {
V1009 05:06:33.756000 26196 Lib\site-packages\torch\_inductor\codecache.py:2145] [0/2] [__output_code]                             if(C10_LIKELY(x0 >= static_cast<int64_t>(0) && x0 < static_cast<int64_t>(256LL)))
V1009 05:06:33.756000 26196 Lib\site-packages\torch\_inductor\codecache.py:2145] [0/2] [__output_code]                             {
V1009 05:06:33.756000 26196 Lib\site-packages\torch\_inductor\codecache.py:2145] [0/2] [__output_code]                                 auto tmp0 = at::vec::Vectorized<float>::loadu(in_ptr0 + static_cast<int64_t>(x0 + 256LL*x1), static_cast<int64_t>(8));
V1009 05:06:33.756000 26196 Lib\site-packages\torch\_inductor\codecache.py:2145] [0/2] [__output_code]                                 tmp_acc0_vec = tmp_acc0_vec + tmp0;
V1009 05:06:33.756000 26196 Lib\site-packages\torch\_inductor\codecache.py:2145] [0/2] [__output_code]                             }
V1009 05:06:33.756000 26196 Lib\site-packages\torch\_inductor\codecache.py:2145] [0/2] [__output_code]                         }
V1009 05:06:33.756000 26196 Lib\site-packages\torch\_inductor\codecache.py:2145] [0/2] [__output_code]                     }
V1009 05:06:33.756000 26196 Lib\site-packages\torch\_inductor\codecache.py:2145] [0/2] [__output_code]                     if(C10_LIKELY(x0 >= static_cast<int64_t>(0) && x0 < static_cast<int64_t>(256LL)))
V1009 05:06:33.756000 26196 Lib\site-packages\torch\_inductor\codecache.py:2145] [0/2] [__output_code]                     {
V1009 05:06:33.756000 26196 Lib\site-packages\torch\_inductor\codecache.py:2145] [0/2] [__output_code]                         tmp_acc0_vec.store(out_ptr0 + static_cast<int64_t>(x0));
V1009 05:06:33.756000 26196 Lib\site-packages\torch\_inductor\codecache.py:2145] [0/2] [__output_code]                     }
V1009 05:06:33.756000 26196 Lib\site-packages\torch\_inductor\codecache.py:2145] [0/2] [__output_code]                 }
V1009 05:06:33.756000 26196 Lib\site-packages\torch\_inductor\codecache.py:2145] [0/2] [__output_code]             }
V1009 05:06:33.756000 26196 Lib\site-packages\torch\_inductor\codecache.py:2145] [0/2] [__output_code]         }
V1009 05:06:33.756000 26196 Lib\site-packages\torch\_inductor\codecache.py:2145] [0/2] [__output_code]     }
V1009 05:06:33.756000 26196 Lib\site-packages\torch\_inductor\codecache.py:2145] [0/2] [__output_code]     inductor_cpu_integer_div_error_flag = nullptr;
V1009 05:06:33.756000 26196 Lib\site-packages\torch\_inductor\codecache.py:2145] [0/2] [__output_code]     inductor_cpu_throw_if_integer_div_error(inductor_cpu_integer_div_error);
V1009 05:06:33.756000 26196 Lib\site-packages\torch\_inductor\codecache.py:2145] [0/2] [__output_code] }
V1009 05:06:33.756000 26196 Lib\site-packages\torch\_inductor\codecache.py:2145] [0/2] [__output_code] ''')
V1009 05:06:33.756000 26196 Lib\site-packages\torch\_inductor\codecache.py:2145] [0/2] [__output_code] 
V1009 05:06:33.756000 26196 Lib\site-packages\torch\_inductor\codecache.py:2145] [0/2] [__output_code] 
V1009 05:06:33.756000 26196 Lib\site-packages\torch\_inductor\codecache.py:2145] [0/2] [__output_code] async_compile.wait(globals())
V1009 05:06:33.756000 26196 Lib\site-packages\torch\_inductor\codecache.py:2145] [0/2] [__output_code] del async_compile
V1009 05:06:33.756000 26196 Lib\site-packages\torch\_inductor\codecache.py:2145] [0/2] [__output_code] 
V1009 05:06:33.756000 26196 Lib\site-packages\torch\_inductor\codecache.py:2145] [0/2] [__output_code] class Runner:
V1009 05:06:33.756000 26196 Lib\site-packages\torch\_inductor\codecache.py:2145] [0/2] [__output_code]     def __init__(self, partitions):
V1009 05:06:33.756000 26196 Lib\site-packages\torch\_inductor\codecache.py:2145] [0/2] [__output_code]         self.partitions = partitions
V1009 05:06:33.756000 26196 Lib\site-packages\torch\_inductor\codecache.py:2145] [0/2] [__output_code] 
V1009 05:06:33.756000 26196 Lib\site-packages\torch\_inductor\codecache.py:2145] [0/2] [__output_code]     def recursively_apply_fns(self, fns):
V1009 05:06:33.756000 26196 Lib\site-packages\torch\_inductor\codecache.py:2145] [0/2] [__output_code]         new_callables = []
V1009 05:06:33.756000 26196 Lib\site-packages\torch\_inductor\codecache.py:2145] [0/2] [__output_code]         for fn, c in zip(fns, self.partitions):
V1009 05:06:33.756000 26196 Lib\site-packages\torch\_inductor\codecache.py:2145] [0/2] [__output_code]             new_callables.append(fn(c))
V1009 05:06:33.756000 26196 Lib\site-packages\torch\_inductor\codecache.py:2145] [0/2] [__output_code]         self.partitions = new_callables
V1009 05:06:33.756000 26196 Lib\site-packages\torch\_inductor\codecache.py:2145] [0/2] [__output_code] 
V1009 05:06:33.756000 26196 Lib\site-packages\torch\_inductor\codecache.py:2145] [0/2] [__output_code]     def call(self, args):
V1009 05:06:33.756000 26196 Lib\site-packages\torch\_inductor\codecache.py:2145] [0/2] [__output_code]         primals_3, primals_1, primals_4, primals_5, primals_7, relu, relu_1, div, tangents_1 = args
V1009 05:06:33.756000 26196 Lib\site-packages\torch\_inductor\codecache.py:2145] [0/2] [__output_code]         args.clear()
V1009 05:06:33.756000 26196 Lib\site-packages\torch\_inductor\codecache.py:2145] [0/2] [__output_code]         s85 = primals_3
V1009 05:06:33.756000 26196 Lib\site-packages\torch\_inductor\codecache.py:2145] [0/2] [__output_code]         assert_size_stride_grouped((tangents_1, div), ((s85, 10), (s85, 10)), ((10, 1), (10, 1)), 'input')
V1009 05:06:33.756000 26196 Lib\site-packages\torch\_inductor\codecache.py:2145] [0/2] [__output_code]         buf0 = empty_strided_cpu((s85, 1), (1, s85), torch.float32)
V1009 05:06:33.756000 26196 Lib\site-packages\torch\_inductor\codecache.py:2145] [0/2] [__output_code]         buf1 = empty_strided_cpu((s85, 10), (10, 1), torch.float32)
V1009 05:06:33.756000 26196 Lib\site-packages\torch\_inductor\codecache.py:2145] [0/2] [__output_code]         assert_size_stride(primals_7, (10, 256), (256, 1), 'input')
V1009 05:06:33.756000 26196 Lib\site-packages\torch\_inductor\codecache.py:2145] [0/2] [__output_code]         cpp_fused__softmax_backward_data_0(tangents_1, div, buf0, buf1, s85)
V1009 05:06:33.756000 26196 Lib\site-packages\torch\_inductor\codecache.py:2145] [0/2] [__output_code]         del buf0
V1009 05:06:33.756000 26196 Lib\site-packages\torch\_inductor\codecache.py:2145] [0/2] [__output_code]         del div
V1009 05:06:33.756000 26196 Lib\site-packages\torch\_inductor\codecache.py:2145] [0/2] [__output_code]         del tangents_1
V1009 05:06:33.756000 26196 Lib\site-packages\torch\_inductor\codecache.py:2145] [0/2] [__output_code]         buf2 = empty_strided_cpu((s85, 256), (256, 1), torch.float32)
V1009 05:06:33.756000 26196 Lib\site-packages\torch\_inductor\codecache.py:2145] [0/2] [__output_code]         # Topologically Sorted Source Nodes: [linear_2, permute_3, mm], Original ATen: [aten.t, aten.mm]
V1009 05:06:33.756000 26196 Lib\site-packages\torch\_inductor\codecache.py:2145] [0/2] [__output_code]         extern_kernels.mm(buf1, primals_7, out=buf2)
V1009 05:06:33.756000 26196 Lib\site-packages\torch\_inductor\codecache.py:2145] [0/2] [__output_code]         del primals_7
V1009 05:06:33.756000 26196 Lib\site-packages\torch\_inductor\codecache.py:2145] [0/2] [__output_code]         assert_size_stride(relu_1, (s85, 256), (256, 1), 'input')
V1009 05:06:33.756000 26196 Lib\site-packages\torch\_inductor\codecache.py:2145] [0/2] [__output_code]         buf3 = empty_strided_cpu((10, 256), (256, 1), torch.float32)
V1009 05:06:33.756000 26196 Lib\site-packages\torch\_inductor\codecache.py:2145] [0/2] [__output_code]         # Topologically Sorted Source Nodes: [permute_4, mm_1], Original ATen: [aten.t, aten.mm]
V1009 05:06:33.756000 26196 Lib\site-packages\torch\_inductor\codecache.py:2145] [0/2] [__output_code]         extern_kernels.mm(reinterpret_tensor(buf1, (10, s85), (1, 10), 0), relu_1, out=buf3)
V1009 05:06:33.756000 26196 Lib\site-packages\torch\_inductor\codecache.py:2145] [0/2] [__output_code]         buf4 = empty_strided_cpu((1, 10), (10, 1), torch.float32)
V1009 05:06:33.756000 26196 Lib\site-packages\torch\_inductor\codecache.py:2145] [0/2] [__output_code]         buf5 = relu_1; del relu_1  # reuse
V1009 05:06:33.756000 26196 Lib\site-packages\torch\_inductor\codecache.py:2145] [0/2] [__output_code]         assert_size_stride(primals_5, (256, 256), (256, 1), 'input')
V1009 05:06:33.756000 26196 Lib\site-packages\torch\_inductor\codecache.py:2145] [0/2] [__output_code]         cpp_fused_sum_threshold_backward_1(buf5, buf1, buf2, buf4, s85)
V1009 05:06:33.756000 26196 Lib\site-packages\torch\_inductor\codecache.py:2145] [0/2] [__output_code]         del buf1
V1009 05:06:33.756000 26196 Lib\site-packages\torch\_inductor\codecache.py:2145] [0/2] [__output_code]         buf6 = buf2; del buf2  # reuse
V1009 05:06:33.756000 26196 Lib\site-packages\torch\_inductor\codecache.py:2145] [0/2] [__output_code]         # Topologically Sorted Source Nodes: [linear_1, permute_7, mm_2], Original ATen: [aten.t, aten.mm]
V1009 05:06:33.756000 26196 Lib\site-packages\torch\_inductor\codecache.py:2145] [0/2] [__output_code]         extern_kernels.mm(buf5, primals_5, out=buf6)
V1009 05:06:33.756000 26196 Lib\site-packages\torch\_inductor\codecache.py:2145] [0/2] [__output_code]         del primals_5
V1009 05:06:33.756000 26196 Lib\site-packages\torch\_inductor\codecache.py:2145] [0/2] [__output_code]         assert_size_stride(relu, (s85, 256), (256, 1), 'input')
V1009 05:06:33.756000 26196 Lib\site-packages\torch\_inductor\codecache.py:2145] [0/2] [__output_code]         buf7 = empty_strided_cpu((256, 256), (256, 1), torch.float32)
V1009 05:06:33.756000 26196 Lib\site-packages\torch\_inductor\codecache.py:2145] [0/2] [__output_code]         # Topologically Sorted Source Nodes: [permute_8, mm_3], Original ATen: [aten.t, aten.mm]
V1009 05:06:33.756000 26196 Lib\site-packages\torch\_inductor\codecache.py:2145] [0/2] [__output_code]         extern_kernels.mm(reinterpret_tensor(buf5, (256, s85), (1, 256), 0), relu, out=buf7)
V1009 05:06:33.756000 26196 Lib\site-packages\torch\_inductor\codecache.py:2145] [0/2] [__output_code]         buf8 = empty_strided_cpu((1, 256), (256, 1), torch.float32)
V1009 05:06:33.756000 26196 Lib\site-packages\torch\_inductor\codecache.py:2145] [0/2] [__output_code]         buf9 = relu; del relu  # reuse
V1009 05:06:33.756000 26196 Lib\site-packages\torch\_inductor\codecache.py:2145] [0/2] [__output_code]         assert_size_stride(primals_1, (256, 784), (784, 1), 'input')
V1009 05:06:33.756000 26196 Lib\site-packages\torch\_inductor\codecache.py:2145] [0/2] [__output_code]         cpp_fused_sum_threshold_backward_2(buf9, buf5, buf6, buf8, s85)
V1009 05:06:33.756000 26196 Lib\site-packages\torch\_inductor\codecache.py:2145] [0/2] [__output_code]         del buf5
V1009 05:06:33.756000 26196 Lib\site-packages\torch\_inductor\codecache.py:2145] [0/2] [__output_code]         del buf6
V1009 05:06:33.756000 26196 Lib\site-packages\torch\_inductor\codecache.py:2145] [0/2] [__output_code]         buf10 = empty_strided_cpu((s85, 784), (784, 1), torch.float32)
V1009 05:06:33.756000 26196 Lib\site-packages\torch\_inductor\codecache.py:2145] [0/2] [__output_code]         # Topologically Sorted Source Nodes: [linear, permute_11, mm_4], Original ATen: [aten.t, aten.mm]
V1009 05:06:33.756000 26196 Lib\site-packages\torch\_inductor\codecache.py:2145] [0/2] [__output_code]         extern_kernels.mm(buf9, primals_1, out=buf10)
V1009 05:06:33.756000 26196 Lib\site-packages\torch\_inductor\codecache.py:2145] [0/2] [__output_code]         del primals_1
V1009 05:06:33.756000 26196 Lib\site-packages\torch\_inductor\codecache.py:2145] [0/2] [__output_code]         assert_size_stride(primals_4, (s85, 784), (784, 1), 'input')
V1009 05:06:33.756000 26196 Lib\site-packages\torch\_inductor\codecache.py:2145] [0/2] [__output_code]         buf11 = empty_strided_cpu((256, 784), (784, 1), torch.float32)
V1009 05:06:33.756000 26196 Lib\site-packages\torch\_inductor\codecache.py:2145] [0/2] [__output_code]         # Topologically Sorted Source Nodes: [permute_12, mm_5], Original ATen: [aten.t, aten.mm]
V1009 05:06:33.756000 26196 Lib\site-packages\torch\_inductor\codecache.py:2145] [0/2] [__output_code]         extern_kernels.mm(reinterpret_tensor(buf9, (256, s85), (1, 256), 0), primals_4, out=buf11)
V1009 05:06:33.756000 26196 Lib\site-packages\torch\_inductor\codecache.py:2145] [0/2] [__output_code]         del primals_4
V1009 05:06:33.756000 26196 Lib\site-packages\torch\_inductor\codecache.py:2145] [0/2] [__output_code]         buf12 = empty_strided_cpu((1, 256), (256, 1), torch.float32)
V1009 05:06:33.756000 26196 Lib\site-packages\torch\_inductor\codecache.py:2145] [0/2] [__output_code]         cpp_fused_sum_3(buf9, buf12, s85)
V1009 05:06:33.756000 26196 Lib\site-packages\torch\_inductor\codecache.py:2145] [0/2] [__output_code]         return (buf11, reinterpret_tensor(buf12, (256, ), (1, ), 0), None, buf10, buf7, reinterpret_tensor(buf8, (256, ), (1, ), 0), buf3, reinterpret_tensor(buf4, (10, ), (1, ), 0), )
V1009 05:06:33.756000 26196 Lib\site-packages\torch\_inductor\codecache.py:2145] [0/2] [__output_code] 
V1009 05:06:33.756000 26196 Lib\site-packages\torch\_inductor\codecache.py:2145] [0/2] [__output_code] runner = Runner(partitions=[])
V1009 05:06:33.756000 26196 Lib\site-packages\torch\_inductor\codecache.py:2145] [0/2] [__output_code] call = runner.call
V1009 05:06:33.756000 26196 Lib\site-packages\torch\_inductor\codecache.py:2145] [0/2] [__output_code] recursively_apply_fns = runner.recursively_apply_fns
V1009 05:06:33.756000 26196 Lib\site-packages\torch\_inductor\codecache.py:2145] [0/2] [__output_code] 
V1009 05:06:33.756000 26196 Lib\site-packages\torch\_inductor\codecache.py:2145] [0/2] [__output_code] 
V1009 05:06:33.756000 26196 Lib\site-packages\torch\_inductor\codecache.py:2145] [0/2] [__output_code] def get_args():
V1009 05:06:33.756000 26196 Lib\site-packages\torch\_inductor\codecache.py:2145] [0/2] [__output_code]     from torch._dynamo.testing import rand_strided
V1009 05:06:33.756000 26196 Lib\site-packages\torch\_inductor\codecache.py:2145] [0/2] [__output_code]     primals_3 = 20
V1009 05:06:33.756000 26196 Lib\site-packages\torch\_inductor\codecache.py:2145] [0/2] [__output_code]     primals_1 = rand_strided((256, 784), (784, 1), device='cpu', dtype=torch.float32)
V1009 05:06:33.756000 26196 Lib\site-packages\torch\_inductor\codecache.py:2145] [0/2] [__output_code]     primals_4 = rand_strided((20, 784), (784, 1), device='cpu', dtype=torch.float32)
V1009 05:06:33.756000 26196 Lib\site-packages\torch\_inductor\codecache.py:2145] [0/2] [__output_code]     primals_5 = rand_strided((256, 256), (256, 1), device='cpu', dtype=torch.float32)
V1009 05:06:33.756000 26196 Lib\site-packages\torch\_inductor\codecache.py:2145] [0/2] [__output_code]     primals_7 = rand_strided((10, 256), (256, 1), device='cpu', dtype=torch.float32)
V1009 05:06:33.756000 26196 Lib\site-packages\torch\_inductor\codecache.py:2145] [0/2] [__output_code]     relu = rand_strided((20, 256), (256, 1), device='cpu', dtype=torch.float32)
V1009 05:06:33.756000 26196 Lib\site-packages\torch\_inductor\codecache.py:2145] [0/2] [__output_code]     relu_1 = rand_strided((20, 256), (256, 1), device='cpu', dtype=torch.float32)
V1009 05:06:33.756000 26196 Lib\site-packages\torch\_inductor\codecache.py:2145] [0/2] [__output_code]     div = rand_strided((20, 10), (10, 1), device='cpu', dtype=torch.float32)
V1009 05:06:33.756000 26196 Lib\site-packages\torch\_inductor\codecache.py:2145] [0/2] [__output_code]     tangents_1 = rand_strided((20, 10), (10, 1), device='cpu', dtype=torch.float32)
V1009 05:06:33.756000 26196 Lib\site-packages\torch\_inductor\codecache.py:2145] [0/2] [__output_code]     return [primals_3, primals_1, primals_4, primals_5, primals_7, relu, relu_1, div, tangents_1]
V1009 05:06:33.756000 26196 Lib\site-packages\torch\_inductor\codecache.py:2145] [0/2] [__output_code] 
V1009 05:06:33.756000 26196 Lib\site-packages\torch\_inductor\codecache.py:2145] [0/2] [__output_code] 
V1009 05:06:33.756000 26196 Lib\site-packages\torch\_inductor\codecache.py:2145] [0/2] [__output_code] def benchmark_compiled_module(args, times=10, repeat=10):
V1009 05:06:33.756000 26196 Lib\site-packages\torch\_inductor\codecache.py:2145] [0/2] [__output_code]     from torch._inductor.utils import print_performance
V1009 05:06:33.756000 26196 Lib\site-packages\torch\_inductor\codecache.py:2145] [0/2] [__output_code]     fn = lambda: call(list(args))
V1009 05:06:33.756000 26196 Lib\site-packages\torch\_inductor\codecache.py:2145] [0/2] [__output_code]     return print_performance(fn, times=times, repeat=repeat, device='cpu')
V1009 05:06:33.756000 26196 Lib\site-packages\torch\_inductor\codecache.py:2145] [0/2] [__output_code] 
V1009 05:06:33.756000 26196 Lib\site-packages\torch\_inductor\codecache.py:2145] [0/2] [__output_code] 
V1009 05:06:33.756000 26196 Lib\site-packages\torch\_inductor\codecache.py:2145] [0/2] [__output_code] if __name__ == "__main__":
V1009 05:06:33.756000 26196 Lib\site-packages\torch\_inductor\codecache.py:2145] [0/2] [__output_code]     from torch._inductor.wrapper_benchmark import compiled_module_main
V1009 05:06:33.756000 26196 Lib\site-packages\torch\_inductor\codecache.py:2145] [0/2] [__output_code]     args = get_args()
V1009 05:06:33.756000 26196 Lib\site-packages\torch\_inductor\codecache.py:2145] [0/2] [__output_code]     compiled_module_main('None', lambda times, repeat: benchmark_compiled_module(args, times=times, repeat=repeat))
V1009 05:06:33.756000 26196 Lib\site-packages\torch\_inductor\codecache.py:2145] [0/2] [__output_code] 
V1009 05:06:33.757000 26196 Lib\site-packages\torch\_inductor\codecache.py:2146] [0/2] [__output_code] Output code written to: H:\maxbound_cache\inductor\ua\cuatddmzzh5tt2z6e2yf2x6se6sbfanh5uxc5ptidezrj5ktlvr2.py
V1009 05:06:34.220000 26196 Lib\site-packages\torch\_inductor\codecache.py:2145] [1/0] [__output_code] Output code: 
V1009 05:06:34.220000 26196 Lib\site-packages\torch\_inductor\codecache.py:2145] [1/0] [__output_code] # AOT ID: ['3_inference']
V1009 05:06:34.220000 26196 Lib\site-packages\torch\_inductor\codecache.py:2145] [1/0] [__output_code] from ctypes import c_void_p, c_long, c_int
V1009 05:06:34.220000 26196 Lib\site-packages\torch\_inductor\codecache.py:2145] [1/0] [__output_code] import torch
V1009 05:06:34.220000 26196 Lib\site-packages\torch\_inductor\codecache.py:2145] [1/0] [__output_code] import math
V1009 05:06:34.220000 26196 Lib\site-packages\torch\_inductor\codecache.py:2145] [1/0] [__output_code] import random
V1009 05:06:34.220000 26196 Lib\site-packages\torch\_inductor\codecache.py:2145] [1/0] [__output_code] import os
V1009 05:06:34.220000 26196 Lib\site-packages\torch\_inductor\codecache.py:2145] [1/0] [__output_code] import tempfile
V1009 05:06:34.220000 26196 Lib\site-packages\torch\_inductor\codecache.py:2145] [1/0] [__output_code] from math import inf, nan
V1009 05:06:34.220000 26196 Lib\site-packages\torch\_inductor\codecache.py:2145] [1/0] [__output_code] from cmath import nanj
V1009 05:06:34.220000 26196 Lib\site-packages\torch\_inductor\codecache.py:2145] [1/0] [__output_code] from torch._inductor.hooks import run_intermediate_hooks
V1009 05:06:34.220000 26196 Lib\site-packages\torch\_inductor\codecache.py:2145] [1/0] [__output_code] from torch._inductor.utils import maybe_profile
V1009 05:06:34.220000 26196 Lib\site-packages\torch\_inductor\codecache.py:2145] [1/0] [__output_code] from torch._inductor.codegen.memory_planning import _align as align
V1009 05:06:34.220000 26196 Lib\site-packages\torch\_inductor\codecache.py:2145] [1/0] [__output_code] from torch import device, empty_strided
V1009 05:06:34.220000 26196 Lib\site-packages\torch\_inductor\codecache.py:2145] [1/0] [__output_code] from torch._inductor.async_compile import AsyncCompile
V1009 05:06:34.220000 26196 Lib\site-packages\torch\_inductor\codecache.py:2145] [1/0] [__output_code] from torch._inductor.select_algorithm import extern_kernels
V1009 05:06:34.220000 26196 Lib\site-packages\torch\_inductor\codecache.py:2145] [1/0] [__output_code] 
V1009 05:06:34.220000 26196 Lib\site-packages\torch\_inductor\codecache.py:2145] [1/0] [__output_code] aten = torch.ops.aten
V1009 05:06:34.220000 26196 Lib\site-packages\torch\_inductor\codecache.py:2145] [1/0] [__output_code] inductor_ops = torch.ops.inductor
V1009 05:06:34.220000 26196 Lib\site-packages\torch\_inductor\codecache.py:2145] [1/0] [__output_code] _quantized = torch.ops._quantized
V1009 05:06:34.220000 26196 Lib\site-packages\torch\_inductor\codecache.py:2145] [1/0] [__output_code] assert_size_stride = torch._C._dynamo.guards.assert_size_stride
V1009 05:06:34.220000 26196 Lib\site-packages\torch\_inductor\codecache.py:2145] [1/0] [__output_code] assert_size_stride_grouped = torch._C._dynamo.guards.assert_size_stride_grouped
V1009 05:06:34.220000 26196 Lib\site-packages\torch\_inductor\codecache.py:2145] [1/0] [__output_code] assert_alignment = torch._C._dynamo.guards.assert_alignment
V1009 05:06:34.220000 26196 Lib\site-packages\torch\_inductor\codecache.py:2145] [1/0] [__output_code] empty_strided_cpu = torch._C._dynamo.guards._empty_strided_cpu
V1009 05:06:34.220000 26196 Lib\site-packages\torch\_inductor\codecache.py:2145] [1/0] [__output_code] empty_strided_cpu_pinned = torch._C._dynamo.guards._empty_strided_cpu_pinned
V1009 05:06:34.220000 26196 Lib\site-packages\torch\_inductor\codecache.py:2145] [1/0] [__output_code] empty_strided_cuda = torch._C._dynamo.guards._empty_strided_cuda
V1009 05:06:34.220000 26196 Lib\site-packages\torch\_inductor\codecache.py:2145] [1/0] [__output_code] empty_strided_xpu = torch._C._dynamo.guards._empty_strided_xpu
V1009 05:06:34.220000 26196 Lib\site-packages\torch\_inductor\codecache.py:2145] [1/0] [__output_code] empty_strided_mtia = torch._C._dynamo.guards._empty_strided_mtia
V1009 05:06:34.220000 26196 Lib\site-packages\torch\_inductor\codecache.py:2145] [1/0] [__output_code] reinterpret_tensor = torch._C._dynamo.guards._reinterpret_tensor
V1009 05:06:34.220000 26196 Lib\site-packages\torch\_inductor\codecache.py:2145] [1/0] [__output_code] alloc_from_pool = torch.ops.inductor._alloc_from_pool
V1009 05:06:34.220000 26196 Lib\site-packages\torch\_inductor\codecache.py:2145] [1/0] [__output_code] async_compile = AsyncCompile()
V1009 05:06:34.220000 26196 Lib\site-packages\torch\_inductor\codecache.py:2145] [1/0] [__output_code] empty_strided_p2p = torch._C._distributed_c10d._SymmetricMemory.empty_strided_p2p
V1009 05:06:34.220000 26196 Lib\site-packages\torch\_inductor\codecache.py:2145] [1/0] [__output_code] 
V1009 05:06:34.220000 26196 Lib\site-packages\torch\_inductor\codecache.py:2145] [1/0] [__output_code] 
V1009 05:06:34.220000 26196 Lib\site-packages\torch\_inductor\codecache.py:2145] [1/0] [__output_code] cpp_fused_relu_0 = async_compile.cpp_pybinding(['float*'], r'''
V1009 05:06:34.220000 26196 Lib\site-packages\torch\_inductor\codecache.py:2145] [1/0] [__output_code] #include <torch/csrc/inductor/cpp_prefix.h>
V1009 05:06:34.220000 26196 Lib\site-packages\torch\_inductor\codecache.py:2145] [1/0] [__output_code] extern "C" __declspec(dllexport) void  kernel(float* in_out_ptr0)
V1009 05:06:34.220000 26196 Lib\site-packages\torch\_inductor\codecache.py:2145] [1/0] [__output_code] {
V1009 05:06:34.220000 26196 Lib\site-packages\torch\_inductor\codecache.py:2145] [1/0] [__output_code]     std::atomic<int> inductor_cpu_integer_div_error{0};
V1009 05:06:34.220000 26196 Lib\site-packages\torch\_inductor\codecache.py:2145] [1/0] [__output_code]     inductor_cpu_integer_div_error_flag = &inductor_cpu_integer_div_error;
V1009 05:06:34.220000 26196 Lib\site-packages\torch\_inductor\codecache.py:2145] [1/0] [__output_code]     #pragma omp parallel num_threads(8)
V1009 05:06:34.220000 26196 Lib\site-packages\torch\_inductor\codecache.py:2145] [1/0] [__output_code]     {
V1009 05:06:34.220000 26196 Lib\site-packages\torch\_inductor\codecache.py:2145] [1/0] [__output_code]         int tid = omp_get_thread_num();
V1009 05:06:34.220000 26196 Lib\site-packages\torch\_inductor\codecache.py:2145] [1/0] [__output_code]         {
V1009 05:06:34.220000 26196 Lib\site-packages\torch\_inductor\codecache.py:2145] [1/0] [__output_code]             #pragma omp for
V1009 05:06:34.220000 26196 Lib\site-packages\torch\_inductor\codecache.py:2145] [1/0] [__output_code]             for(int64_t x0=static_cast<int64_t>(0LL); x0<static_cast<int64_t>(256000LL); x0+=static_cast<int64_t>(8LL))
V1009 05:06:34.220000 26196 Lib\site-packages\torch\_inductor\codecache.py:2145] [1/0] [__output_code]             {
V1009 05:06:34.220000 26196 Lib\site-packages\torch\_inductor\codecache.py:2145] [1/0] [__output_code]                 {
V1009 05:06:34.220000 26196 Lib\site-packages\torch\_inductor\codecache.py:2145] [1/0] [__output_code]                     if(C10_LIKELY(x0 >= static_cast<int64_t>(0) && x0 < static_cast<int64_t>(256000LL)))
V1009 05:06:34.220000 26196 Lib\site-packages\torch\_inductor\codecache.py:2145] [1/0] [__output_code]                     {
V1009 05:06:34.220000 26196 Lib\site-packages\torch\_inductor\codecache.py:2145] [1/0] [__output_code]                         auto tmp0 = at::vec::Vectorized<float>::loadu(in_out_ptr0 + static_cast<int64_t>(x0), static_cast<int64_t>(8));
V1009 05:06:34.220000 26196 Lib\site-packages\torch\_inductor\codecache.py:2145] [1/0] [__output_code]                         auto tmp1 = at::vec::clamp_min(tmp0, decltype(tmp0)(0));
V1009 05:06:34.220000 26196 Lib\site-packages\torch\_inductor\codecache.py:2145] [1/0] [__output_code]                         tmp1.store(in_out_ptr0 + static_cast<int64_t>(x0));
V1009 05:06:34.220000 26196 Lib\site-packages\torch\_inductor\codecache.py:2145] [1/0] [__output_code]                     }
V1009 05:06:34.220000 26196 Lib\site-packages\torch\_inductor\codecache.py:2145] [1/0] [__output_code]                 }
V1009 05:06:34.220000 26196 Lib\site-packages\torch\_inductor\codecache.py:2145] [1/0] [__output_code]             }
V1009 05:06:34.220000 26196 Lib\site-packages\torch\_inductor\codecache.py:2145] [1/0] [__output_code]         }
V1009 05:06:34.220000 26196 Lib\site-packages\torch\_inductor\codecache.py:2145] [1/0] [__output_code]     }
V1009 05:06:34.220000 26196 Lib\site-packages\torch\_inductor\codecache.py:2145] [1/0] [__output_code]     inductor_cpu_integer_div_error_flag = nullptr;
V1009 05:06:34.220000 26196 Lib\site-packages\torch\_inductor\codecache.py:2145] [1/0] [__output_code]     inductor_cpu_throw_if_integer_div_error(inductor_cpu_integer_div_error);
V1009 05:06:34.220000 26196 Lib\site-packages\torch\_inductor\codecache.py:2145] [1/0] [__output_code] }
V1009 05:06:34.220000 26196 Lib\site-packages\torch\_inductor\codecache.py:2145] [1/0] [__output_code] ''')
V1009 05:06:34.220000 26196 Lib\site-packages\torch\_inductor\codecache.py:2145] [1/0] [__output_code] 
V1009 05:06:34.220000 26196 Lib\site-packages\torch\_inductor\codecache.py:2145] [1/0] [__output_code] 
V1009 05:06:34.220000 26196 Lib\site-packages\torch\_inductor\codecache.py:2145] [1/0] [__output_code] async_compile.wait(globals())
V1009 05:06:34.220000 26196 Lib\site-packages\torch\_inductor\codecache.py:2145] [1/0] [__output_code] del async_compile
V1009 05:06:34.220000 26196 Lib\site-packages\torch\_inductor\codecache.py:2145] [1/0] [__output_code] 
V1009 05:06:34.220000 26196 Lib\site-packages\torch\_inductor\codecache.py:2145] [1/0] [__output_code] class Runner:
V1009 05:06:34.220000 26196 Lib\site-packages\torch\_inductor\codecache.py:2145] [1/0] [__output_code]     def __init__(self, partitions):
V1009 05:06:34.220000 26196 Lib\site-packages\torch\_inductor\codecache.py:2145] [1/0] [__output_code]         self.partitions = partitions
V1009 05:06:34.220000 26196 Lib\site-packages\torch\_inductor\codecache.py:2145] [1/0] [__output_code] 
V1009 05:06:34.220000 26196 Lib\site-packages\torch\_inductor\codecache.py:2145] [1/0] [__output_code]     def recursively_apply_fns(self, fns):
V1009 05:06:34.220000 26196 Lib\site-packages\torch\_inductor\codecache.py:2145] [1/0] [__output_code]         new_callables = []
V1009 05:06:34.220000 26196 Lib\site-packages\torch\_inductor\codecache.py:2145] [1/0] [__output_code]         for fn, c in zip(fns, self.partitions):
V1009 05:06:34.220000 26196 Lib\site-packages\torch\_inductor\codecache.py:2145] [1/0] [__output_code]             new_callables.append(fn(c))
V1009 05:06:34.220000 26196 Lib\site-packages\torch\_inductor\codecache.py:2145] [1/0] [__output_code]         self.partitions = new_callables
V1009 05:06:34.220000 26196 Lib\site-packages\torch\_inductor\codecache.py:2145] [1/0] [__output_code] 
V1009 05:06:34.220000 26196 Lib\site-packages\torch\_inductor\codecache.py:2145] [1/0] [__output_code]     def call(self, args):
V1009 05:06:34.220000 26196 Lib\site-packages\torch\_inductor\codecache.py:2145] [1/0] [__output_code]         arg0_1, arg1_1, arg2_1, arg3_1, arg4_1, arg5_1, arg6_1 = args
V1009 05:06:34.220000 26196 Lib\site-packages\torch\_inductor\codecache.py:2145] [1/0] [__output_code]         args.clear()
V1009 05:06:34.220000 26196 Lib\site-packages\torch\_inductor\codecache.py:2145] [1/0] [__output_code]         assert_size_stride_grouped((arg1_1, arg2_1, arg0_1), ((256, ), (1000, 784), (256, 784)), ((1, ), (784, 1), (784, 1)), 'input')
V1009 05:06:34.220000 26196 Lib\site-packages\torch\_inductor\codecache.py:2145] [1/0] [__output_code]         buf0 = empty_strided_cpu((1000, 256), (256, 1), torch.float32)
V1009 05:06:34.220000 26196 Lib\site-packages\torch\_inductor\codecache.py:2145] [1/0] [__output_code]         # Topologically Sorted Source Nodes: [input_layer], Original ATen: [aten.t, aten.addmm]
V1009 05:06:34.220000 26196 Lib\site-packages\torch\_inductor\codecache.py:2145] [1/0] [__output_code]         extern_kernels.addmm(arg1_1, arg2_1, reinterpret_tensor(arg0_1, (784, 256), (1, 784), 0), alpha=1, beta=1, out=buf0)
V1009 05:06:34.220000 26196 Lib\site-packages\torch\_inductor\codecache.py:2145] [1/0] [__output_code]         del arg0_1
V1009 05:06:34.220000 26196 Lib\site-packages\torch\_inductor\codecache.py:2145] [1/0] [__output_code]         del arg1_1
V1009 05:06:34.220000 26196 Lib\site-packages\torch\_inductor\codecache.py:2145] [1/0] [__output_code]         del arg2_1
V1009 05:06:34.220000 26196 Lib\site-packages\torch\_inductor\codecache.py:2145] [1/0] [__output_code]         buf1 = buf0; del buf0  # reuse
V1009 05:06:34.220000 26196 Lib\site-packages\torch\_inductor\codecache.py:2145] [1/0] [__output_code]         assert_size_stride_grouped((arg4_1, arg3_1), ((256, ), (256, 256)), ((1, ), (256, 1)), 'input')
V1009 05:06:34.220000 26196 Lib\site-packages\torch\_inductor\codecache.py:2145] [1/0] [__output_code]         cpp_fused_relu_0(buf1)
V1009 05:06:34.220000 26196 Lib\site-packages\torch\_inductor\codecache.py:2145] [1/0] [__output_code]         buf2 = empty_strided_cpu((1000, 256), (256, 1), torch.float32)
V1009 05:06:34.220000 26196 Lib\site-packages\torch\_inductor\codecache.py:2145] [1/0] [__output_code]         # Topologically Sorted Source Nodes: [relu, mid_layer], Original ATen: [aten.relu, aten.t, aten.addmm]
V1009 05:06:34.220000 26196 Lib\site-packages\torch\_inductor\codecache.py:2145] [1/0] [__output_code]         extern_kernels.addmm(arg4_1, buf1, reinterpret_tensor(arg3_1, (256, 256), (1, 256), 0), alpha=1, beta=1, out=buf2)
V1009 05:06:34.220000 26196 Lib\site-packages\torch\_inductor\codecache.py:2145] [1/0] [__output_code]         del arg3_1
V1009 05:06:34.220000 26196 Lib\site-packages\torch\_inductor\codecache.py:2145] [1/0] [__output_code]         del arg4_1
V1009 05:06:34.220000 26196 Lib\site-packages\torch\_inductor\codecache.py:2145] [1/0] [__output_code]         del buf1
V1009 05:06:34.220000 26196 Lib\site-packages\torch\_inductor\codecache.py:2145] [1/0] [__output_code]         buf3 = buf2; del buf2  # reuse
V1009 05:06:34.220000 26196 Lib\site-packages\torch\_inductor\codecache.py:2145] [1/0] [__output_code]         assert_size_stride_grouped((arg6_1, arg5_1), ((10, ), (10, 256)), ((1, ), (256, 1)), 'input')
V1009 05:06:34.220000 26196 Lib\site-packages\torch\_inductor\codecache.py:2145] [1/0] [__output_code]         cpp_fused_relu_0(buf3)
V1009 05:06:34.220000 26196 Lib\site-packages\torch\_inductor\codecache.py:2145] [1/0] [__output_code]         buf4 = empty_strided_cpu((1000, 10), (10, 1), torch.float32)
V1009 05:06:34.220000 26196 Lib\site-packages\torch\_inductor\codecache.py:2145] [1/0] [__output_code]         # Topologically Sorted Source Nodes: [relu_1, output_layer], Original ATen: [aten.relu, aten.t, aten.addmm]
V1009 05:06:34.220000 26196 Lib\site-packages\torch\_inductor\codecache.py:2145] [1/0] [__output_code]         extern_kernels.addmm(arg6_1, buf3, reinterpret_tensor(arg5_1, (256, 10), (1, 256), 0), alpha=1, beta=1, out=buf4)
V1009 05:06:34.220000 26196 Lib\site-packages\torch\_inductor\codecache.py:2145] [1/0] [__output_code]         del arg5_1
V1009 05:06:34.220000 26196 Lib\site-packages\torch\_inductor\codecache.py:2145] [1/0] [__output_code]         del arg6_1
V1009 05:06:34.220000 26196 Lib\site-packages\torch\_inductor\codecache.py:2145] [1/0] [__output_code]         return (buf4, )
V1009 05:06:34.220000 26196 Lib\site-packages\torch\_inductor\codecache.py:2145] [1/0] [__output_code] 
V1009 05:06:34.220000 26196 Lib\site-packages\torch\_inductor\codecache.py:2145] [1/0] [__output_code] runner = Runner(partitions=[])
V1009 05:06:34.220000 26196 Lib\site-packages\torch\_inductor\codecache.py:2145] [1/0] [__output_code] call = runner.call
V1009 05:06:34.220000 26196 Lib\site-packages\torch\_inductor\codecache.py:2145] [1/0] [__output_code] recursively_apply_fns = runner.recursively_apply_fns
V1009 05:06:34.220000 26196 Lib\site-packages\torch\_inductor\codecache.py:2145] [1/0] [__output_code] 
V1009 05:06:34.220000 26196 Lib\site-packages\torch\_inductor\codecache.py:2145] [1/0] [__output_code] 
V1009 05:06:34.220000 26196 Lib\site-packages\torch\_inductor\codecache.py:2145] [1/0] [__output_code] def get_args():
V1009 05:06:34.220000 26196 Lib\site-packages\torch\_inductor\codecache.py:2145] [1/0] [__output_code]     from torch._dynamo.testing import rand_strided
V1009 05:06:34.220000 26196 Lib\site-packages\torch\_inductor\codecache.py:2145] [1/0] [__output_code]     arg0_1 = rand_strided((256, 784), (784, 1), device='cpu', dtype=torch.float32)
V1009 05:06:34.220000 26196 Lib\site-packages\torch\_inductor\codecache.py:2145] [1/0] [__output_code]     arg1_1 = rand_strided((256, ), (1, ), device='cpu', dtype=torch.float32)
V1009 05:06:34.220000 26196 Lib\site-packages\torch\_inductor\codecache.py:2145] [1/0] [__output_code]     arg2_1 = rand_strided((1000, 784), (784, 1), device='cpu', dtype=torch.float32)
V1009 05:06:34.220000 26196 Lib\site-packages\torch\_inductor\codecache.py:2145] [1/0] [__output_code]     arg3_1 = rand_strided((256, 256), (256, 1), device='cpu', dtype=torch.float32)
V1009 05:06:34.220000 26196 Lib\site-packages\torch\_inductor\codecache.py:2145] [1/0] [__output_code]     arg4_1 = rand_strided((256, ), (1, ), device='cpu', dtype=torch.float32)
V1009 05:06:34.220000 26196 Lib\site-packages\torch\_inductor\codecache.py:2145] [1/0] [__output_code]     arg5_1 = rand_strided((10, 256), (256, 1), device='cpu', dtype=torch.float32)
V1009 05:06:34.220000 26196 Lib\site-packages\torch\_inductor\codecache.py:2145] [1/0] [__output_code]     arg6_1 = rand_strided((10, ), (1, ), device='cpu', dtype=torch.float32)
V1009 05:06:34.220000 26196 Lib\site-packages\torch\_inductor\codecache.py:2145] [1/0] [__output_code]     return [arg0_1, arg1_1, arg2_1, arg3_1, arg4_1, arg5_1, arg6_1]
V1009 05:06:34.220000 26196 Lib\site-packages\torch\_inductor\codecache.py:2145] [1/0] [__output_code] 
V1009 05:06:34.220000 26196 Lib\site-packages\torch\_inductor\codecache.py:2145] [1/0] [__output_code] 
V1009 05:06:34.220000 26196 Lib\site-packages\torch\_inductor\codecache.py:2145] [1/0] [__output_code] def benchmark_compiled_module(args, times=10, repeat=10):
V1009 05:06:34.220000 26196 Lib\site-packages\torch\_inductor\codecache.py:2145] [1/0] [__output_code]     from torch._inductor.utils import print_performance
V1009 05:06:34.220000 26196 Lib\site-packages\torch\_inductor\codecache.py:2145] [1/0] [__output_code]     fn = lambda: call(list(args))
V1009 05:06:34.220000 26196 Lib\site-packages\torch\_inductor\codecache.py:2145] [1/0] [__output_code]     return print_performance(fn, times=times, repeat=repeat, device='cpu')
V1009 05:06:34.220000 26196 Lib\site-packages\torch\_inductor\codecache.py:2145] [1/0] [__output_code] 
V1009 05:06:34.220000 26196 Lib\site-packages\torch\_inductor\codecache.py:2145] [1/0] [__output_code] 
V1009 05:06:34.220000 26196 Lib\site-packages\torch\_inductor\codecache.py:2145] [1/0] [__output_code] if __name__ == "__main__":
V1009 05:06:34.220000 26196 Lib\site-packages\torch\_inductor\codecache.py:2145] [1/0] [__output_code]     from torch._inductor.wrapper_benchmark import compiled_module_main
V1009 05:06:34.220000 26196 Lib\site-packages\torch\_inductor\codecache.py:2145] [1/0] [__output_code]     args = get_args()
V1009 05:06:34.220000 26196 Lib\site-packages\torch\_inductor\codecache.py:2145] [1/0] [__output_code]     compiled_module_main('None', lambda times, repeat: benchmark_compiled_module(args, times=times, repeat=repeat))
V1009 05:06:34.220000 26196 Lib\site-packages\torch\_inductor\codecache.py:2145] [1/0] [__output_code] 
V1009 05:06:34.220000 26196 Lib\site-packages\torch\_inductor\codecache.py:2146] [1/0] [__output_code] Output code written to: H:\maxbound_cache\inductor\oo\cooms5pylxx2b554hzkesdpsm2lmxn7nzdbhnlcwvvdvpkex6n6y.py
V1009 05:06:34.359000 26196 Lib\site-packages\torch\_inductor\codecache.py:2145] [1/1] [__output_code] Output code: 
V1009 05:06:34.359000 26196 Lib\site-packages\torch\_inductor\codecache.py:2145] [1/1] [__output_code] # AOT ID: ['4_inference']
V1009 05:06:34.359000 26196 Lib\site-packages\torch\_inductor\codecache.py:2145] [1/1] [__output_code] from ctypes import c_void_p, c_long, c_int
V1009 05:06:34.359000 26196 Lib\site-packages\torch\_inductor\codecache.py:2145] [1/1] [__output_code] import torch
V1009 05:06:34.359000 26196 Lib\site-packages\torch\_inductor\codecache.py:2145] [1/1] [__output_code] import math
V1009 05:06:34.359000 26196 Lib\site-packages\torch\_inductor\codecache.py:2145] [1/1] [__output_code] import random
V1009 05:06:34.359000 26196 Lib\site-packages\torch\_inductor\codecache.py:2145] [1/1] [__output_code] import os
V1009 05:06:34.359000 26196 Lib\site-packages\torch\_inductor\codecache.py:2145] [1/1] [__output_code] import tempfile
V1009 05:06:34.359000 26196 Lib\site-packages\torch\_inductor\codecache.py:2145] [1/1] [__output_code] from math import inf, nan
V1009 05:06:34.359000 26196 Lib\site-packages\torch\_inductor\codecache.py:2145] [1/1] [__output_code] from cmath import nanj
V1009 05:06:34.359000 26196 Lib\site-packages\torch\_inductor\codecache.py:2145] [1/1] [__output_code] from torch._inductor.hooks import run_intermediate_hooks
V1009 05:06:34.359000 26196 Lib\site-packages\torch\_inductor\codecache.py:2145] [1/1] [__output_code] from torch._inductor.utils import maybe_profile
V1009 05:06:34.359000 26196 Lib\site-packages\torch\_inductor\codecache.py:2145] [1/1] [__output_code] from torch._inductor.codegen.memory_planning import _align as align
V1009 05:06:34.359000 26196 Lib\site-packages\torch\_inductor\codecache.py:2145] [1/1] [__output_code] from torch import device, empty_strided
V1009 05:06:34.359000 26196 Lib\site-packages\torch\_inductor\codecache.py:2145] [1/1] [__output_code] from torch._inductor.async_compile import AsyncCompile
V1009 05:06:34.359000 26196 Lib\site-packages\torch\_inductor\codecache.py:2145] [1/1] [__output_code] from torch._inductor.select_algorithm import extern_kernels
V1009 05:06:34.359000 26196 Lib\site-packages\torch\_inductor\codecache.py:2145] [1/1] [__output_code] 
V1009 05:06:34.359000 26196 Lib\site-packages\torch\_inductor\codecache.py:2145] [1/1] [__output_code] aten = torch.ops.aten
V1009 05:06:34.359000 26196 Lib\site-packages\torch\_inductor\codecache.py:2145] [1/1] [__output_code] inductor_ops = torch.ops.inductor
V1009 05:06:34.359000 26196 Lib\site-packages\torch\_inductor\codecache.py:2145] [1/1] [__output_code] _quantized = torch.ops._quantized
V1009 05:06:34.359000 26196 Lib\site-packages\torch\_inductor\codecache.py:2145] [1/1] [__output_code] assert_size_stride = torch._C._dynamo.guards.assert_size_stride
V1009 05:06:34.359000 26196 Lib\site-packages\torch\_inductor\codecache.py:2145] [1/1] [__output_code] assert_size_stride_grouped = torch._C._dynamo.guards.assert_size_stride_grouped
V1009 05:06:34.359000 26196 Lib\site-packages\torch\_inductor\codecache.py:2145] [1/1] [__output_code] assert_alignment = torch._C._dynamo.guards.assert_alignment
V1009 05:06:34.359000 26196 Lib\site-packages\torch\_inductor\codecache.py:2145] [1/1] [__output_code] empty_strided_cpu = torch._C._dynamo.guards._empty_strided_cpu
V1009 05:06:34.359000 26196 Lib\site-packages\torch\_inductor\codecache.py:2145] [1/1] [__output_code] empty_strided_cpu_pinned = torch._C._dynamo.guards._empty_strided_cpu_pinned
V1009 05:06:34.359000 26196 Lib\site-packages\torch\_inductor\codecache.py:2145] [1/1] [__output_code] empty_strided_cuda = torch._C._dynamo.guards._empty_strided_cuda
V1009 05:06:34.359000 26196 Lib\site-packages\torch\_inductor\codecache.py:2145] [1/1] [__output_code] empty_strided_xpu = torch._C._dynamo.guards._empty_strided_xpu
V1009 05:06:34.359000 26196 Lib\site-packages\torch\_inductor\codecache.py:2145] [1/1] [__output_code] empty_strided_mtia = torch._C._dynamo.guards._empty_strided_mtia
V1009 05:06:34.359000 26196 Lib\site-packages\torch\_inductor\codecache.py:2145] [1/1] [__output_code] reinterpret_tensor = torch._C._dynamo.guards._reinterpret_tensor
V1009 05:06:34.359000 26196 Lib\site-packages\torch\_inductor\codecache.py:2145] [1/1] [__output_code] alloc_from_pool = torch.ops.inductor._alloc_from_pool
V1009 05:06:34.359000 26196 Lib\site-packages\torch\_inductor\codecache.py:2145] [1/1] [__output_code] async_compile = AsyncCompile()
V1009 05:06:34.359000 26196 Lib\site-packages\torch\_inductor\codecache.py:2145] [1/1] [__output_code] empty_strided_p2p = torch._C._distributed_c10d._SymmetricMemory.empty_strided_p2p
V1009 05:06:34.359000 26196 Lib\site-packages\torch\_inductor\codecache.py:2145] [1/1] [__output_code] 
V1009 05:06:34.359000 26196 Lib\site-packages\torch\_inductor\codecache.py:2145] [1/1] [__output_code] 
V1009 05:06:34.359000 26196 Lib\site-packages\torch\_inductor\codecache.py:2145] [1/1] [__output_code] cpp_fused_relu_0 = async_compile.cpp_pybinding(['float*', 'const int64_t'], r'''
V1009 05:06:34.359000 26196 Lib\site-packages\torch\_inductor\codecache.py:2145] [1/1] [__output_code] #include <torch/csrc/inductor/cpp_prefix.h>
V1009 05:06:34.359000 26196 Lib\site-packages\torch\_inductor\codecache.py:2145] [1/1] [__output_code] extern "C" __declspec(dllexport) void  kernel(float* in_out_ptr0,
V1009 05:06:34.359000 26196 Lib\site-packages\torch\_inductor\codecache.py:2145] [1/1] [__output_code]                        const int64_t ks0)
V1009 05:06:34.359000 26196 Lib\site-packages\torch\_inductor\codecache.py:2145] [1/1] [__output_code] {
V1009 05:06:34.359000 26196 Lib\site-packages\torch\_inductor\codecache.py:2145] [1/1] [__output_code]     std::atomic<int> inductor_cpu_integer_div_error{0};
V1009 05:06:34.359000 26196 Lib\site-packages\torch\_inductor\codecache.py:2145] [1/1] [__output_code]     inductor_cpu_integer_div_error_flag = &inductor_cpu_integer_div_error;
V1009 05:06:34.359000 26196 Lib\site-packages\torch\_inductor\codecache.py:2145] [1/1] [__output_code]     #pragma omp parallel num_threads(8)
V1009 05:06:34.359000 26196 Lib\site-packages\torch\_inductor\codecache.py:2145] [1/1] [__output_code]     {
V1009 05:06:34.359000 26196 Lib\site-packages\torch\_inductor\codecache.py:2145] [1/1] [__output_code]         int tid = omp_get_thread_num();
V1009 05:06:34.359000 26196 Lib\site-packages\torch\_inductor\codecache.py:2145] [1/1] [__output_code]         {
V1009 05:06:34.359000 26196 Lib\site-packages\torch\_inductor\codecache.py:2145] [1/1] [__output_code]             #pragma omp for
V1009 05:06:34.359000 26196 Lib\site-packages\torch\_inductor\codecache.py:2145] [1/1] [__output_code]             for(int64_t x0=static_cast<int64_t>(0LL); x0<static_cast<int64_t>(256LL*ks0); x0+=static_cast<int64_t>(8LL))
V1009 05:06:34.359000 26196 Lib\site-packages\torch\_inductor\codecache.py:2145] [1/1] [__output_code]             {
V1009 05:06:34.359000 26196 Lib\site-packages\torch\_inductor\codecache.py:2145] [1/1] [__output_code]                 {
V1009 05:06:34.359000 26196 Lib\site-packages\torch\_inductor\codecache.py:2145] [1/1] [__output_code]                     if(C10_LIKELY(x0 >= static_cast<int64_t>(0) && x0 < static_cast<int64_t>(256LL*ks0)))
V1009 05:06:34.359000 26196 Lib\site-packages\torch\_inductor\codecache.py:2145] [1/1] [__output_code]                     {
V1009 05:06:34.359000 26196 Lib\site-packages\torch\_inductor\codecache.py:2145] [1/1] [__output_code]                         auto tmp0 = at::vec::Vectorized<float>::loadu(in_out_ptr0 + static_cast<int64_t>(x0), static_cast<int64_t>(8));
V1009 05:06:34.359000 26196 Lib\site-packages\torch\_inductor\codecache.py:2145] [1/1] [__output_code]                         auto tmp1 = at::vec::clamp_min(tmp0, decltype(tmp0)(0));
V1009 05:06:34.359000 26196 Lib\site-packages\torch\_inductor\codecache.py:2145] [1/1] [__output_code]                         tmp1.store(in_out_ptr0 + static_cast<int64_t>(x0));
V1009 05:06:34.359000 26196 Lib\site-packages\torch\_inductor\codecache.py:2145] [1/1] [__output_code]                     }
V1009 05:06:34.359000 26196 Lib\site-packages\torch\_inductor\codecache.py:2145] [1/1] [__output_code]                 }
V1009 05:06:34.359000 26196 Lib\site-packages\torch\_inductor\codecache.py:2145] [1/1] [__output_code]             }
V1009 05:06:34.359000 26196 Lib\site-packages\torch\_inductor\codecache.py:2145] [1/1] [__output_code]         }
V1009 05:06:34.359000 26196 Lib\site-packages\torch\_inductor\codecache.py:2145] [1/1] [__output_code]     }
V1009 05:06:34.359000 26196 Lib\site-packages\torch\_inductor\codecache.py:2145] [1/1] [__output_code]     inductor_cpu_integer_div_error_flag = nullptr;
V1009 05:06:34.359000 26196 Lib\site-packages\torch\_inductor\codecache.py:2145] [1/1] [__output_code]     inductor_cpu_throw_if_integer_div_error(inductor_cpu_integer_div_error);
V1009 05:06:34.359000 26196 Lib\site-packages\torch\_inductor\codecache.py:2145] [1/1] [__output_code] }
V1009 05:06:34.359000 26196 Lib\site-packages\torch\_inductor\codecache.py:2145] [1/1] [__output_code] ''')
V1009 05:06:34.359000 26196 Lib\site-packages\torch\_inductor\codecache.py:2145] [1/1] [__output_code] 
V1009 05:06:34.359000 26196 Lib\site-packages\torch\_inductor\codecache.py:2145] [1/1] [__output_code] 
V1009 05:06:34.359000 26196 Lib\site-packages\torch\_inductor\codecache.py:2145] [1/1] [__output_code] async_compile.wait(globals())
V1009 05:06:34.359000 26196 Lib\site-packages\torch\_inductor\codecache.py:2145] [1/1] [__output_code] del async_compile
V1009 05:06:34.359000 26196 Lib\site-packages\torch\_inductor\codecache.py:2145] [1/1] [__output_code] 
V1009 05:06:34.359000 26196 Lib\site-packages\torch\_inductor\codecache.py:2145] [1/1] [__output_code] class Runner:
V1009 05:06:34.359000 26196 Lib\site-packages\torch\_inductor\codecache.py:2145] [1/1] [__output_code]     def __init__(self, partitions):
V1009 05:06:34.359000 26196 Lib\site-packages\torch\_inductor\codecache.py:2145] [1/1] [__output_code]         self.partitions = partitions
V1009 05:06:34.359000 26196 Lib\site-packages\torch\_inductor\codecache.py:2145] [1/1] [__output_code] 
V1009 05:06:34.359000 26196 Lib\site-packages\torch\_inductor\codecache.py:2145] [1/1] [__output_code]     def recursively_apply_fns(self, fns):
V1009 05:06:34.359000 26196 Lib\site-packages\torch\_inductor\codecache.py:2145] [1/1] [__output_code]         new_callables = []
V1009 05:06:34.359000 26196 Lib\site-packages\torch\_inductor\codecache.py:2145] [1/1] [__output_code]         for fn, c in zip(fns, self.partitions):
V1009 05:06:34.359000 26196 Lib\site-packages\torch\_inductor\codecache.py:2145] [1/1] [__output_code]             new_callables.append(fn(c))
V1009 05:06:34.359000 26196 Lib\site-packages\torch\_inductor\codecache.py:2145] [1/1] [__output_code]         self.partitions = new_callables
V1009 05:06:34.359000 26196 Lib\site-packages\torch\_inductor\codecache.py:2145] [1/1] [__output_code] 
V1009 05:06:34.359000 26196 Lib\site-packages\torch\_inductor\codecache.py:2145] [1/1] [__output_code]     def call(self, args):
V1009 05:06:34.359000 26196 Lib\site-packages\torch\_inductor\codecache.py:2145] [1/1] [__output_code]         arg0_1, arg1_1, arg2_1, arg3_1, arg4_1, arg5_1, arg6_1, arg7_1 = args
V1009 05:06:34.359000 26196 Lib\site-packages\torch\_inductor\codecache.py:2145] [1/1] [__output_code]         args.clear()
V1009 05:06:34.359000 26196 Lib\site-packages\torch\_inductor\codecache.py:2145] [1/1] [__output_code]         s85 = arg2_1
V1009 05:06:34.359000 26196 Lib\site-packages\torch\_inductor\codecache.py:2145] [1/1] [__output_code]         assert_size_stride_grouped((arg1_1, arg3_1, arg0_1), ((256, ), (s85, 784), (256, 784)), ((1, ), (784, 1), (784, 1)), 'input')
V1009 05:06:34.359000 26196 Lib\site-packages\torch\_inductor\codecache.py:2145] [1/1] [__output_code]         buf0 = empty_strided_cpu((s85, 256), (256, 1), torch.float32)
V1009 05:06:34.359000 26196 Lib\site-packages\torch\_inductor\codecache.py:2145] [1/1] [__output_code]         # Topologically Sorted Source Nodes: [input_layer], Original ATen: [aten.t, aten.addmm]
V1009 05:06:34.359000 26196 Lib\site-packages\torch\_inductor\codecache.py:2145] [1/1] [__output_code]         extern_kernels.addmm(arg1_1, arg3_1, reinterpret_tensor(arg0_1, (784, 256), (1, 784), 0), alpha=1, beta=1, out=buf0)
V1009 05:06:34.359000 26196 Lib\site-packages\torch\_inductor\codecache.py:2145] [1/1] [__output_code]         del arg0_1
V1009 05:06:34.359000 26196 Lib\site-packages\torch\_inductor\codecache.py:2145] [1/1] [__output_code]         del arg1_1
V1009 05:06:34.359000 26196 Lib\site-packages\torch\_inductor\codecache.py:2145] [1/1] [__output_code]         del arg3_1
V1009 05:06:34.359000 26196 Lib\site-packages\torch\_inductor\codecache.py:2145] [1/1] [__output_code]         buf1 = buf0; del buf0  # reuse
V1009 05:06:34.359000 26196 Lib\site-packages\torch\_inductor\codecache.py:2145] [1/1] [__output_code]         assert_size_stride_grouped((arg5_1, arg4_1), ((256, ), (256, 256)), ((1, ), (256, 1)), 'input')
V1009 05:06:34.359000 26196 Lib\site-packages\torch\_inductor\codecache.py:2145] [1/1] [__output_code]         cpp_fused_relu_0(buf1, s85)
V1009 05:06:34.359000 26196 Lib\site-packages\torch\_inductor\codecache.py:2145] [1/1] [__output_code]         buf2 = empty_strided_cpu((s85, 256), (256, 1), torch.float32)
V1009 05:06:34.359000 26196 Lib\site-packages\torch\_inductor\codecache.py:2145] [1/1] [__output_code]         # Topologically Sorted Source Nodes: [relu, mid_layer], Original ATen: [aten.relu, aten.t, aten.addmm]
V1009 05:06:34.359000 26196 Lib\site-packages\torch\_inductor\codecache.py:2145] [1/1] [__output_code]         extern_kernels.addmm(arg5_1, buf1, reinterpret_tensor(arg4_1, (256, 256), (1, 256), 0), alpha=1, beta=1, out=buf2)
V1009 05:06:34.359000 26196 Lib\site-packages\torch\_inductor\codecache.py:2145] [1/1] [__output_code]         del arg4_1
V1009 05:06:34.359000 26196 Lib\site-packages\torch\_inductor\codecache.py:2145] [1/1] [__output_code]         del arg5_1
V1009 05:06:34.359000 26196 Lib\site-packages\torch\_inductor\codecache.py:2145] [1/1] [__output_code]         del buf1
V1009 05:06:34.359000 26196 Lib\site-packages\torch\_inductor\codecache.py:2145] [1/1] [__output_code]         buf3 = buf2; del buf2  # reuse
V1009 05:06:34.359000 26196 Lib\site-packages\torch\_inductor\codecache.py:2145] [1/1] [__output_code]         assert_size_stride_grouped((arg7_1, arg6_1), ((10, ), (10, 256)), ((1, ), (256, 1)), 'input')
V1009 05:06:34.359000 26196 Lib\site-packages\torch\_inductor\codecache.py:2145] [1/1] [__output_code]         cpp_fused_relu_0(buf3, s85)
V1009 05:06:34.359000 26196 Lib\site-packages\torch\_inductor\codecache.py:2145] [1/1] [__output_code]         buf4 = empty_strided_cpu((s85, 10), (10, 1), torch.float32)
V1009 05:06:34.359000 26196 Lib\site-packages\torch\_inductor\codecache.py:2145] [1/1] [__output_code]         # Topologically Sorted Source Nodes: [relu_1, output_layer], Original ATen: [aten.relu, aten.t, aten.addmm]
V1009 05:06:34.359000 26196 Lib\site-packages\torch\_inductor\codecache.py:2145] [1/1] [__output_code]         extern_kernels.addmm(arg7_1, buf3, reinterpret_tensor(arg6_1, (256, 10), (1, 256), 0), alpha=1, beta=1, out=buf4)
V1009 05:06:34.359000 26196 Lib\site-packages\torch\_inductor\codecache.py:2145] [1/1] [__output_code]         del arg6_1
V1009 05:06:34.359000 26196 Lib\site-packages\torch\_inductor\codecache.py:2145] [1/1] [__output_code]         del arg7_1
V1009 05:06:34.359000 26196 Lib\site-packages\torch\_inductor\codecache.py:2145] [1/1] [__output_code]         return (buf4, )
V1009 05:06:34.359000 26196 Lib\site-packages\torch\_inductor\codecache.py:2145] [1/1] [__output_code] 
V1009 05:06:34.359000 26196 Lib\site-packages\torch\_inductor\codecache.py:2145] [1/1] [__output_code] runner = Runner(partitions=[])
V1009 05:06:34.359000 26196 Lib\site-packages\torch\_inductor\codecache.py:2145] [1/1] [__output_code] call = runner.call
V1009 05:06:34.359000 26196 Lib\site-packages\torch\_inductor\codecache.py:2145] [1/1] [__output_code] recursively_apply_fns = runner.recursively_apply_fns
V1009 05:06:34.359000 26196 Lib\site-packages\torch\_inductor\codecache.py:2145] [1/1] [__output_code] 
V1009 05:06:34.359000 26196 Lib\site-packages\torch\_inductor\codecache.py:2145] [1/1] [__output_code] 
V1009 05:06:34.359000 26196 Lib\site-packages\torch\_inductor\codecache.py:2145] [1/1] [__output_code] def get_args():
V1009 05:06:34.359000 26196 Lib\site-packages\torch\_inductor\codecache.py:2145] [1/1] [__output_code]     from torch._dynamo.testing import rand_strided
V1009 05:06:34.359000 26196 Lib\site-packages\torch\_inductor\codecache.py:2145] [1/1] [__output_code]     arg0_1 = rand_strided((256, 784), (784, 1), device='cpu', dtype=torch.float32)
V1009 05:06:34.359000 26196 Lib\site-packages\torch\_inductor\codecache.py:2145] [1/1] [__output_code]     arg1_1 = rand_strided((256, ), (1, ), device='cpu', dtype=torch.float32)
V1009 05:06:34.359000 26196 Lib\site-packages\torch\_inductor\codecache.py:2145] [1/1] [__output_code]     arg2_1 = 20
V1009 05:06:34.359000 26196 Lib\site-packages\torch\_inductor\codecache.py:2145] [1/1] [__output_code]     arg3_1 = rand_strided((20, 784), (784, 1), device='cpu', dtype=torch.float32)
V1009 05:06:34.359000 26196 Lib\site-packages\torch\_inductor\codecache.py:2145] [1/1] [__output_code]     arg4_1 = rand_strided((256, 256), (256, 1), device='cpu', dtype=torch.float32)
V1009 05:06:34.359000 26196 Lib\site-packages\torch\_inductor\codecache.py:2145] [1/1] [__output_code]     arg5_1 = rand_strided((256, ), (1, ), device='cpu', dtype=torch.float32)
V1009 05:06:34.359000 26196 Lib\site-packages\torch\_inductor\codecache.py:2145] [1/1] [__output_code]     arg6_1 = rand_strided((10, 256), (256, 1), device='cpu', dtype=torch.float32)
V1009 05:06:34.359000 26196 Lib\site-packages\torch\_inductor\codecache.py:2145] [1/1] [__output_code]     arg7_1 = rand_strided((10, ), (1, ), device='cpu', dtype=torch.float32)
V1009 05:06:34.359000 26196 Lib\site-packages\torch\_inductor\codecache.py:2145] [1/1] [__output_code]     return [arg0_1, arg1_1, arg2_1, arg3_1, arg4_1, arg5_1, arg6_1, arg7_1]
V1009 05:06:34.359000 26196 Lib\site-packages\torch\_inductor\codecache.py:2145] [1/1] [__output_code] 
V1009 05:06:34.359000 26196 Lib\site-packages\torch\_inductor\codecache.py:2145] [1/1] [__output_code] 
V1009 05:06:34.359000 26196 Lib\site-packages\torch\_inductor\codecache.py:2145] [1/1] [__output_code] def benchmark_compiled_module(args, times=10, repeat=10):
V1009 05:06:34.359000 26196 Lib\site-packages\torch\_inductor\codecache.py:2145] [1/1] [__output_code]     from torch._inductor.utils import print_performance
V1009 05:06:34.359000 26196 Lib\site-packages\torch\_inductor\codecache.py:2145] [1/1] [__output_code]     fn = lambda: call(list(args))
V1009 05:06:34.359000 26196 Lib\site-packages\torch\_inductor\codecache.py:2145] [1/1] [__output_code]     return print_performance(fn, times=times, repeat=repeat, device='cpu')
V1009 05:06:34.359000 26196 Lib\site-packages\torch\_inductor\codecache.py:2145] [1/1] [__output_code] 
V1009 05:06:34.359000 26196 Lib\site-packages\torch\_inductor\codecache.py:2145] [1/1] [__output_code] 
V1009 05:06:34.359000 26196 Lib\site-packages\torch\_inductor\codecache.py:2145] [1/1] [__output_code] if __name__ == "__main__":
V1009 05:06:34.359000 26196 Lib\site-packages\torch\_inductor\codecache.py:2145] [1/1] [__output_code]     from torch._inductor.wrapper_benchmark import compiled_module_main
V1009 05:06:34.359000 26196 Lib\site-packages\torch\_inductor\codecache.py:2145] [1/1] [__output_code]     args = get_args()
V1009 05:06:34.359000 26196 Lib\site-packages\torch\_inductor\codecache.py:2145] [1/1] [__output_code]     compiled_module_main('None', lambda times, repeat: benchmark_compiled_module(args, times=times, repeat=repeat))
V1009 05:06:34.359000 26196 Lib\site-packages\torch\_inductor\codecache.py:2145] [1/1] [__output_code] 
V1009 05:06:34.359000 26196 Lib\site-packages\torch\_inductor\codecache.py:2146] [1/1] [__output_code] Output code written to: H:\maxbound_cache\inductor\k6\ck63xbeutnb3i6ibnsaofn5cybhmlemgr677gvsp7f7aiybm66tm.py
V1009 05:06:34.568000 26196 Lib\site-packages\torch\_inductor\codecache.py:2145] [1/2] [__output_code] Output code: 
V1009 05:06:34.568000 26196 Lib\site-packages\torch\_inductor\codecache.py:2145] [1/2] [__output_code] # AOT ID: ['5_forward']
V1009 05:06:34.568000 26196 Lib\site-packages\torch\_inductor\codecache.py:2145] [1/2] [__output_code] from ctypes import c_void_p, c_long, c_int
V1009 05:06:34.568000 26196 Lib\site-packages\torch\_inductor\codecache.py:2145] [1/2] [__output_code] import torch
V1009 05:06:34.568000 26196 Lib\site-packages\torch\_inductor\codecache.py:2145] [1/2] [__output_code] import math
V1009 05:06:34.568000 26196 Lib\site-packages\torch\_inductor\codecache.py:2145] [1/2] [__output_code] import random
V1009 05:06:34.568000 26196 Lib\site-packages\torch\_inductor\codecache.py:2145] [1/2] [__output_code] import os
V1009 05:06:34.568000 26196 Lib\site-packages\torch\_inductor\codecache.py:2145] [1/2] [__output_code] import tempfile
V1009 05:06:34.568000 26196 Lib\site-packages\torch\_inductor\codecache.py:2145] [1/2] [__output_code] from math import inf, nan
V1009 05:06:34.568000 26196 Lib\site-packages\torch\_inductor\codecache.py:2145] [1/2] [__output_code] from cmath import nanj
V1009 05:06:34.568000 26196 Lib\site-packages\torch\_inductor\codecache.py:2145] [1/2] [__output_code] from torch._inductor.hooks import run_intermediate_hooks
V1009 05:06:34.568000 26196 Lib\site-packages\torch\_inductor\codecache.py:2145] [1/2] [__output_code] from torch._inductor.utils import maybe_profile
V1009 05:06:34.568000 26196 Lib\site-packages\torch\_inductor\codecache.py:2145] [1/2] [__output_code] from torch._inductor.codegen.memory_planning import _align as align
V1009 05:06:34.568000 26196 Lib\site-packages\torch\_inductor\codecache.py:2145] [1/2] [__output_code] from torch import device, empty_strided
V1009 05:06:34.568000 26196 Lib\site-packages\torch\_inductor\codecache.py:2145] [1/2] [__output_code] from torch._inductor.async_compile import AsyncCompile
V1009 05:06:34.568000 26196 Lib\site-packages\torch\_inductor\codecache.py:2145] [1/2] [__output_code] from torch._inductor.select_algorithm import extern_kernels
V1009 05:06:34.568000 26196 Lib\site-packages\torch\_inductor\codecache.py:2145] [1/2] [__output_code] 
V1009 05:06:34.568000 26196 Lib\site-packages\torch\_inductor\codecache.py:2145] [1/2] [__output_code] aten = torch.ops.aten
V1009 05:06:34.568000 26196 Lib\site-packages\torch\_inductor\codecache.py:2145] [1/2] [__output_code] inductor_ops = torch.ops.inductor
V1009 05:06:34.568000 26196 Lib\site-packages\torch\_inductor\codecache.py:2145] [1/2] [__output_code] _quantized = torch.ops._quantized
V1009 05:06:34.568000 26196 Lib\site-packages\torch\_inductor\codecache.py:2145] [1/2] [__output_code] assert_size_stride = torch._C._dynamo.guards.assert_size_stride
V1009 05:06:34.568000 26196 Lib\site-packages\torch\_inductor\codecache.py:2145] [1/2] [__output_code] assert_size_stride_grouped = torch._C._dynamo.guards.assert_size_stride_grouped
V1009 05:06:34.568000 26196 Lib\site-packages\torch\_inductor\codecache.py:2145] [1/2] [__output_code] assert_alignment = torch._C._dynamo.guards.assert_alignment
V1009 05:06:34.568000 26196 Lib\site-packages\torch\_inductor\codecache.py:2145] [1/2] [__output_code] empty_strided_cpu = torch._C._dynamo.guards._empty_strided_cpu
V1009 05:06:34.568000 26196 Lib\site-packages\torch\_inductor\codecache.py:2145] [1/2] [__output_code] empty_strided_cpu_pinned = torch._C._dynamo.guards._empty_strided_cpu_pinned
V1009 05:06:34.568000 26196 Lib\site-packages\torch\_inductor\codecache.py:2145] [1/2] [__output_code] empty_strided_cuda = torch._C._dynamo.guards._empty_strided_cuda
V1009 05:06:34.568000 26196 Lib\site-packages\torch\_inductor\codecache.py:2145] [1/2] [__output_code] empty_strided_xpu = torch._C._dynamo.guards._empty_strided_xpu
V1009 05:06:34.568000 26196 Lib\site-packages\torch\_inductor\codecache.py:2145] [1/2] [__output_code] empty_strided_mtia = torch._C._dynamo.guards._empty_strided_mtia
V1009 05:06:34.568000 26196 Lib\site-packages\torch\_inductor\codecache.py:2145] [1/2] [__output_code] reinterpret_tensor = torch._C._dynamo.guards._reinterpret_tensor
V1009 05:06:34.568000 26196 Lib\site-packages\torch\_inductor\codecache.py:2145] [1/2] [__output_code] alloc_from_pool = torch.ops.inductor._alloc_from_pool
V1009 05:06:34.568000 26196 Lib\site-packages\torch\_inductor\codecache.py:2145] [1/2] [__output_code] async_compile = AsyncCompile()
V1009 05:06:34.568000 26196 Lib\site-packages\torch\_inductor\codecache.py:2145] [1/2] [__output_code] empty_strided_p2p = torch._C._distributed_c10d._SymmetricMemory.empty_strided_p2p
V1009 05:06:34.568000 26196 Lib\site-packages\torch\_inductor\codecache.py:2145] [1/2] [__output_code] 
V1009 05:06:34.568000 26196 Lib\site-packages\torch\_inductor\codecache.py:2145] [1/2] [__output_code] 
V1009 05:06:34.568000 26196 Lib\site-packages\torch\_inductor\codecache.py:2145] [1/2] [__output_code] cpp_fused_relu_0 = async_compile.cpp_pybinding(['float*', 'const int64_t'], r'''
V1009 05:06:34.568000 26196 Lib\site-packages\torch\_inductor\codecache.py:2145] [1/2] [__output_code] #include <torch/csrc/inductor/cpp_prefix.h>
V1009 05:06:34.568000 26196 Lib\site-packages\torch\_inductor\codecache.py:2145] [1/2] [__output_code] extern "C" __declspec(dllexport) void  kernel(float* in_out_ptr0,
V1009 05:06:34.568000 26196 Lib\site-packages\torch\_inductor\codecache.py:2145] [1/2] [__output_code]                        const int64_t ks0)
V1009 05:06:34.568000 26196 Lib\site-packages\torch\_inductor\codecache.py:2145] [1/2] [__output_code] {
V1009 05:06:34.568000 26196 Lib\site-packages\torch\_inductor\codecache.py:2145] [1/2] [__output_code]     std::atomic<int> inductor_cpu_integer_div_error{0};
V1009 05:06:34.568000 26196 Lib\site-packages\torch\_inductor\codecache.py:2145] [1/2] [__output_code]     inductor_cpu_integer_div_error_flag = &inductor_cpu_integer_div_error;
V1009 05:06:34.568000 26196 Lib\site-packages\torch\_inductor\codecache.py:2145] [1/2] [__output_code]     #pragma omp parallel num_threads(8)
V1009 05:06:34.568000 26196 Lib\site-packages\torch\_inductor\codecache.py:2145] [1/2] [__output_code]     {
V1009 05:06:34.568000 26196 Lib\site-packages\torch\_inductor\codecache.py:2145] [1/2] [__output_code]         int tid = omp_get_thread_num();
V1009 05:06:34.568000 26196 Lib\site-packages\torch\_inductor\codecache.py:2145] [1/2] [__output_code]         {
V1009 05:06:34.568000 26196 Lib\site-packages\torch\_inductor\codecache.py:2145] [1/2] [__output_code]             #pragma omp for
V1009 05:06:34.568000 26196 Lib\site-packages\torch\_inductor\codecache.py:2145] [1/2] [__output_code]             for(int64_t x0=static_cast<int64_t>(0LL); x0<static_cast<int64_t>(256LL*ks0); x0+=static_cast<int64_t>(8LL))
V1009 05:06:34.568000 26196 Lib\site-packages\torch\_inductor\codecache.py:2145] [1/2] [__output_code]             {
V1009 05:06:34.568000 26196 Lib\site-packages\torch\_inductor\codecache.py:2145] [1/2] [__output_code]                 {
V1009 05:06:34.568000 26196 Lib\site-packages\torch\_inductor\codecache.py:2145] [1/2] [__output_code]                     if(C10_LIKELY(x0 >= static_cast<int64_t>(0) && x0 < static_cast<int64_t>(256LL*ks0)))
V1009 05:06:34.568000 26196 Lib\site-packages\torch\_inductor\codecache.py:2145] [1/2] [__output_code]                     {
V1009 05:06:34.568000 26196 Lib\site-packages\torch\_inductor\codecache.py:2145] [1/2] [__output_code]                         auto tmp0 = at::vec::Vectorized<float>::loadu(in_out_ptr0 + static_cast<int64_t>(x0), static_cast<int64_t>(8));
V1009 05:06:34.568000 26196 Lib\site-packages\torch\_inductor\codecache.py:2145] [1/2] [__output_code]                         auto tmp1 = at::vec::clamp_min(tmp0, decltype(tmp0)(0));
V1009 05:06:34.568000 26196 Lib\site-packages\torch\_inductor\codecache.py:2145] [1/2] [__output_code]                         tmp1.store(in_out_ptr0 + static_cast<int64_t>(x0));
V1009 05:06:34.568000 26196 Lib\site-packages\torch\_inductor\codecache.py:2145] [1/2] [__output_code]                     }
V1009 05:06:34.568000 26196 Lib\site-packages\torch\_inductor\codecache.py:2145] [1/2] [__output_code]                 }
V1009 05:06:34.568000 26196 Lib\site-packages\torch\_inductor\codecache.py:2145] [1/2] [__output_code]             }
V1009 05:06:34.568000 26196 Lib\site-packages\torch\_inductor\codecache.py:2145] [1/2] [__output_code]         }
V1009 05:06:34.568000 26196 Lib\site-packages\torch\_inductor\codecache.py:2145] [1/2] [__output_code]     }
V1009 05:06:34.568000 26196 Lib\site-packages\torch\_inductor\codecache.py:2145] [1/2] [__output_code]     inductor_cpu_integer_div_error_flag = nullptr;
V1009 05:06:34.568000 26196 Lib\site-packages\torch\_inductor\codecache.py:2145] [1/2] [__output_code]     inductor_cpu_throw_if_integer_div_error(inductor_cpu_integer_div_error);
V1009 05:06:34.568000 26196 Lib\site-packages\torch\_inductor\codecache.py:2145] [1/2] [__output_code] }
V1009 05:06:34.568000 26196 Lib\site-packages\torch\_inductor\codecache.py:2145] [1/2] [__output_code] ''')
V1009 05:06:34.568000 26196 Lib\site-packages\torch\_inductor\codecache.py:2145] [1/2] [__output_code] 
V1009 05:06:34.568000 26196 Lib\site-packages\torch\_inductor\codecache.py:2145] [1/2] [__output_code] 
V1009 05:06:34.568000 26196 Lib\site-packages\torch\_inductor\codecache.py:2145] [1/2] [__output_code] async_compile.wait(globals())
V1009 05:06:34.568000 26196 Lib\site-packages\torch\_inductor\codecache.py:2145] [1/2] [__output_code] del async_compile
V1009 05:06:34.568000 26196 Lib\site-packages\torch\_inductor\codecache.py:2145] [1/2] [__output_code] 
V1009 05:06:34.568000 26196 Lib\site-packages\torch\_inductor\codecache.py:2145] [1/2] [__output_code] class Runner:
V1009 05:06:34.568000 26196 Lib\site-packages\torch\_inductor\codecache.py:2145] [1/2] [__output_code]     def __init__(self, partitions):
V1009 05:06:34.568000 26196 Lib\site-packages\torch\_inductor\codecache.py:2145] [1/2] [__output_code]         self.partitions = partitions
V1009 05:06:34.568000 26196 Lib\site-packages\torch\_inductor\codecache.py:2145] [1/2] [__output_code] 
V1009 05:06:34.568000 26196 Lib\site-packages\torch\_inductor\codecache.py:2145] [1/2] [__output_code]     def recursively_apply_fns(self, fns):
V1009 05:06:34.568000 26196 Lib\site-packages\torch\_inductor\codecache.py:2145] [1/2] [__output_code]         new_callables = []
V1009 05:06:34.568000 26196 Lib\site-packages\torch\_inductor\codecache.py:2145] [1/2] [__output_code]         for fn, c in zip(fns, self.partitions):
V1009 05:06:34.568000 26196 Lib\site-packages\torch\_inductor\codecache.py:2145] [1/2] [__output_code]             new_callables.append(fn(c))
V1009 05:06:34.568000 26196 Lib\site-packages\torch\_inductor\codecache.py:2145] [1/2] [__output_code]         self.partitions = new_callables
V1009 05:06:34.568000 26196 Lib\site-packages\torch\_inductor\codecache.py:2145] [1/2] [__output_code] 
V1009 05:06:34.568000 26196 Lib\site-packages\torch\_inductor\codecache.py:2145] [1/2] [__output_code]     def call(self, args):
V1009 05:06:34.568000 26196 Lib\site-packages\torch\_inductor\codecache.py:2145] [1/2] [__output_code]         primals_1, primals_2, primals_3, primals_4, primals_5, primals_6, primals_7, primals_8 = args
V1009 05:06:34.568000 26196 Lib\site-packages\torch\_inductor\codecache.py:2145] [1/2] [__output_code]         args.clear()
V1009 05:06:34.568000 26196 Lib\site-packages\torch\_inductor\codecache.py:2145] [1/2] [__output_code]         s85 = primals_3
V1009 05:06:34.568000 26196 Lib\site-packages\torch\_inductor\codecache.py:2145] [1/2] [__output_code]         assert_size_stride_grouped((primals_2, primals_4, primals_1), ((256, ), (s85, 784), (256, 784)), ((1, ), (784, 1), (784, 1)), 'input')
V1009 05:06:34.568000 26196 Lib\site-packages\torch\_inductor\codecache.py:2145] [1/2] [__output_code]         buf0 = empty_strided_cpu((s85, 256), (256, 1), torch.float32)
V1009 05:06:34.568000 26196 Lib\site-packages\torch\_inductor\codecache.py:2145] [1/2] [__output_code]         # Topologically Sorted Source Nodes: [input_layer], Original ATen: [aten.t, aten.addmm]
V1009 05:06:34.568000 26196 Lib\site-packages\torch\_inductor\codecache.py:2145] [1/2] [__output_code]         extern_kernels.addmm(primals_2, primals_4, reinterpret_tensor(primals_1, (784, 256), (1, 784), 0), alpha=1, beta=1, out=buf0)
V1009 05:06:34.568000 26196 Lib\site-packages\torch\_inductor\codecache.py:2145] [1/2] [__output_code]         del primals_2
V1009 05:06:34.568000 26196 Lib\site-packages\torch\_inductor\codecache.py:2145] [1/2] [__output_code]         buf1 = buf0; del buf0  # reuse
V1009 05:06:34.568000 26196 Lib\site-packages\torch\_inductor\codecache.py:2145] [1/2] [__output_code]         assert_size_stride_grouped((primals_6, primals_5), ((256, ), (256, 256)), ((1, ), (256, 1)), 'input')
V1009 05:06:34.568000 26196 Lib\site-packages\torch\_inductor\codecache.py:2145] [1/2] [__output_code]         cpp_fused_relu_0(buf1, s85)
V1009 05:06:34.568000 26196 Lib\site-packages\torch\_inductor\codecache.py:2145] [1/2] [__output_code]         buf2 = empty_strided_cpu((s85, 256), (256, 1), torch.float32)
V1009 05:06:34.568000 26196 Lib\site-packages\torch\_inductor\codecache.py:2145] [1/2] [__output_code]         # Topologically Sorted Source Nodes: [mid_layer], Original ATen: [aten.t, aten.addmm]
V1009 05:06:34.568000 26196 Lib\site-packages\torch\_inductor\codecache.py:2145] [1/2] [__output_code]         extern_kernels.addmm(primals_6, buf1, reinterpret_tensor(primals_5, (256, 256), (1, 256), 0), alpha=1, beta=1, out=buf2)
V1009 05:06:34.568000 26196 Lib\site-packages\torch\_inductor\codecache.py:2145] [1/2] [__output_code]         del primals_6
V1009 05:06:34.568000 26196 Lib\site-packages\torch\_inductor\codecache.py:2145] [1/2] [__output_code]         buf3 = buf2; del buf2  # reuse
V1009 05:06:34.568000 26196 Lib\site-packages\torch\_inductor\codecache.py:2145] [1/2] [__output_code]         assert_size_stride_grouped((primals_8, primals_7), ((10, ), (10, 256)), ((1, ), (256, 1)), 'input')
V1009 05:06:34.568000 26196 Lib\site-packages\torch\_inductor\codecache.py:2145] [1/2] [__output_code]         cpp_fused_relu_0(buf3, s85)
V1009 05:06:34.568000 26196 Lib\site-packages\torch\_inductor\codecache.py:2145] [1/2] [__output_code]         buf4 = empty_strided_cpu((s85, 10), (10, 1), torch.float32)
V1009 05:06:34.568000 26196 Lib\site-packages\torch\_inductor\codecache.py:2145] [1/2] [__output_code]         # Topologically Sorted Source Nodes: [output_layer], Original ATen: [aten.t, aten.addmm]
V1009 05:06:34.568000 26196 Lib\site-packages\torch\_inductor\codecache.py:2145] [1/2] [__output_code]         extern_kernels.addmm(primals_8, buf3, reinterpret_tensor(primals_7, (256, 10), (1, 256), 0), alpha=1, beta=1, out=buf4)
V1009 05:06:34.568000 26196 Lib\site-packages\torch\_inductor\codecache.py:2145] [1/2] [__output_code]         del primals_8
V1009 05:06:34.568000 26196 Lib\site-packages\torch\_inductor\codecache.py:2145] [1/2] [__output_code]         return (buf4, primals_1, primals_4, primals_5, primals_7, buf1, buf3, s85, )
V1009 05:06:34.568000 26196 Lib\site-packages\torch\_inductor\codecache.py:2145] [1/2] [__output_code] 
V1009 05:06:34.568000 26196 Lib\site-packages\torch\_inductor\codecache.py:2145] [1/2] [__output_code] runner = Runner(partitions=[])
V1009 05:06:34.568000 26196 Lib\site-packages\torch\_inductor\codecache.py:2145] [1/2] [__output_code] call = runner.call
V1009 05:06:34.568000 26196 Lib\site-packages\torch\_inductor\codecache.py:2145] [1/2] [__output_code] recursively_apply_fns = runner.recursively_apply_fns
V1009 05:06:34.568000 26196 Lib\site-packages\torch\_inductor\codecache.py:2145] [1/2] [__output_code] 
V1009 05:06:34.568000 26196 Lib\site-packages\torch\_inductor\codecache.py:2145] [1/2] [__output_code] 
V1009 05:06:34.568000 26196 Lib\site-packages\torch\_inductor\codecache.py:2145] [1/2] [__output_code] def get_args():
V1009 05:06:34.568000 26196 Lib\site-packages\torch\_inductor\codecache.py:2145] [1/2] [__output_code]     from torch._dynamo.testing import rand_strided
V1009 05:06:34.568000 26196 Lib\site-packages\torch\_inductor\codecache.py:2145] [1/2] [__output_code]     primals_1 = rand_strided((256, 784), (784, 1), device='cpu', dtype=torch.float32)
V1009 05:06:34.568000 26196 Lib\site-packages\torch\_inductor\codecache.py:2145] [1/2] [__output_code]     primals_2 = rand_strided((256, ), (1, ), device='cpu', dtype=torch.float32)
V1009 05:06:34.568000 26196 Lib\site-packages\torch\_inductor\codecache.py:2145] [1/2] [__output_code]     primals_3 = 20
V1009 05:06:34.568000 26196 Lib\site-packages\torch\_inductor\codecache.py:2145] [1/2] [__output_code]     primals_4 = rand_strided((20, 784), (784, 1), device='cpu', dtype=torch.float32)
V1009 05:06:34.568000 26196 Lib\site-packages\torch\_inductor\codecache.py:2145] [1/2] [__output_code]     primals_5 = rand_strided((256, 256), (256, 1), device='cpu', dtype=torch.float32)
V1009 05:06:34.568000 26196 Lib\site-packages\torch\_inductor\codecache.py:2145] [1/2] [__output_code]     primals_6 = rand_strided((256, ), (1, ), device='cpu', dtype=torch.float32)
V1009 05:06:34.568000 26196 Lib\site-packages\torch\_inductor\codecache.py:2145] [1/2] [__output_code]     primals_7 = rand_strided((10, 256), (256, 1), device='cpu', dtype=torch.float32)
V1009 05:06:34.568000 26196 Lib\site-packages\torch\_inductor\codecache.py:2145] [1/2] [__output_code]     primals_8 = rand_strided((10, ), (1, ), device='cpu', dtype=torch.float32)
V1009 05:06:34.568000 26196 Lib\site-packages\torch\_inductor\codecache.py:2145] [1/2] [__output_code]     return [primals_1, primals_2, primals_3, primals_4, primals_5, primals_6, primals_7, primals_8]
V1009 05:06:34.568000 26196 Lib\site-packages\torch\_inductor\codecache.py:2145] [1/2] [__output_code] 
V1009 05:06:34.568000 26196 Lib\site-packages\torch\_inductor\codecache.py:2145] [1/2] [__output_code] 
V1009 05:06:34.568000 26196 Lib\site-packages\torch\_inductor\codecache.py:2145] [1/2] [__output_code] def benchmark_compiled_module(args, times=10, repeat=10):
V1009 05:06:34.568000 26196 Lib\site-packages\torch\_inductor\codecache.py:2145] [1/2] [__output_code]     from torch._inductor.utils import print_performance
V1009 05:06:34.568000 26196 Lib\site-packages\torch\_inductor\codecache.py:2145] [1/2] [__output_code]     fn = lambda: call(list(args))
V1009 05:06:34.568000 26196 Lib\site-packages\torch\_inductor\codecache.py:2145] [1/2] [__output_code]     return print_performance(fn, times=times, repeat=repeat, device='cpu')
V1009 05:06:34.568000 26196 Lib\site-packages\torch\_inductor\codecache.py:2145] [1/2] [__output_code] 
V1009 05:06:34.568000 26196 Lib\site-packages\torch\_inductor\codecache.py:2145] [1/2] [__output_code] 
V1009 05:06:34.568000 26196 Lib\site-packages\torch\_inductor\codecache.py:2145] [1/2] [__output_code] if __name__ == "__main__":
V1009 05:06:34.568000 26196 Lib\site-packages\torch\_inductor\codecache.py:2145] [1/2] [__output_code]     from torch._inductor.wrapper_benchmark import compiled_module_main
V1009 05:06:34.568000 26196 Lib\site-packages\torch\_inductor\codecache.py:2145] [1/2] [__output_code]     args = get_args()
V1009 05:06:34.568000 26196 Lib\site-packages\torch\_inductor\codecache.py:2145] [1/2] [__output_code]     compiled_module_main('None', lambda times, repeat: benchmark_compiled_module(args, times=times, repeat=repeat))
V1009 05:06:34.568000 26196 Lib\site-packages\torch\_inductor\codecache.py:2145] [1/2] [__output_code] 
V1009 05:06:34.571000 26196 Lib\site-packages\torch\_inductor\codecache.py:2146] [1/2] [__output_code] Output code written to: H:\maxbound_cache\inductor\2t\c2ts66g427uutk7zzsw7bpfu45tbosv62ikb23itsnya2u3o4x2r.py
V1009 05:06:34.619000 26196 Lib\site-packages\torch\_inductor\codecache.py:2145] [1/2] [__output_code] Output code: 
V1009 05:06:34.619000 26196 Lib\site-packages\torch\_inductor\codecache.py:2145] [1/2] [__output_code] # AOT ID: ['5_backward']
V1009 05:06:34.619000 26196 Lib\site-packages\torch\_inductor\codecache.py:2145] [1/2] [__output_code] from ctypes import c_void_p, c_long, c_int
V1009 05:06:34.619000 26196 Lib\site-packages\torch\_inductor\codecache.py:2145] [1/2] [__output_code] import torch
V1009 05:06:34.619000 26196 Lib\site-packages\torch\_inductor\codecache.py:2145] [1/2] [__output_code] import math
V1009 05:06:34.619000 26196 Lib\site-packages\torch\_inductor\codecache.py:2145] [1/2] [__output_code] import random
V1009 05:06:34.619000 26196 Lib\site-packages\torch\_inductor\codecache.py:2145] [1/2] [__output_code] import os
V1009 05:06:34.619000 26196 Lib\site-packages\torch\_inductor\codecache.py:2145] [1/2] [__output_code] import tempfile
V1009 05:06:34.619000 26196 Lib\site-packages\torch\_inductor\codecache.py:2145] [1/2] [__output_code] from math import inf, nan
V1009 05:06:34.619000 26196 Lib\site-packages\torch\_inductor\codecache.py:2145] [1/2] [__output_code] from cmath import nanj
V1009 05:06:34.619000 26196 Lib\site-packages\torch\_inductor\codecache.py:2145] [1/2] [__output_code] from torch._inductor.hooks import run_intermediate_hooks
V1009 05:06:34.619000 26196 Lib\site-packages\torch\_inductor\codecache.py:2145] [1/2] [__output_code] from torch._inductor.utils import maybe_profile
V1009 05:06:34.619000 26196 Lib\site-packages\torch\_inductor\codecache.py:2145] [1/2] [__output_code] from torch._inductor.codegen.memory_planning import _align as align
V1009 05:06:34.619000 26196 Lib\site-packages\torch\_inductor\codecache.py:2145] [1/2] [__output_code] from torch import device, empty_strided
V1009 05:06:34.619000 26196 Lib\site-packages\torch\_inductor\codecache.py:2145] [1/2] [__output_code] from torch._inductor.async_compile import AsyncCompile
V1009 05:06:34.619000 26196 Lib\site-packages\torch\_inductor\codecache.py:2145] [1/2] [__output_code] from torch._inductor.select_algorithm import extern_kernels
V1009 05:06:34.619000 26196 Lib\site-packages\torch\_inductor\codecache.py:2145] [1/2] [__output_code] 
V1009 05:06:34.619000 26196 Lib\site-packages\torch\_inductor\codecache.py:2145] [1/2] [__output_code] aten = torch.ops.aten
V1009 05:06:34.619000 26196 Lib\site-packages\torch\_inductor\codecache.py:2145] [1/2] [__output_code] inductor_ops = torch.ops.inductor
V1009 05:06:34.619000 26196 Lib\site-packages\torch\_inductor\codecache.py:2145] [1/2] [__output_code] _quantized = torch.ops._quantized
V1009 05:06:34.619000 26196 Lib\site-packages\torch\_inductor\codecache.py:2145] [1/2] [__output_code] assert_size_stride = torch._C._dynamo.guards.assert_size_stride
V1009 05:06:34.619000 26196 Lib\site-packages\torch\_inductor\codecache.py:2145] [1/2] [__output_code] assert_size_stride_grouped = torch._C._dynamo.guards.assert_size_stride_grouped
V1009 05:06:34.619000 26196 Lib\site-packages\torch\_inductor\codecache.py:2145] [1/2] [__output_code] assert_alignment = torch._C._dynamo.guards.assert_alignment
V1009 05:06:34.619000 26196 Lib\site-packages\torch\_inductor\codecache.py:2145] [1/2] [__output_code] empty_strided_cpu = torch._C._dynamo.guards._empty_strided_cpu
V1009 05:06:34.619000 26196 Lib\site-packages\torch\_inductor\codecache.py:2145] [1/2] [__output_code] empty_strided_cpu_pinned = torch._C._dynamo.guards._empty_strided_cpu_pinned
V1009 05:06:34.619000 26196 Lib\site-packages\torch\_inductor\codecache.py:2145] [1/2] [__output_code] empty_strided_cuda = torch._C._dynamo.guards._empty_strided_cuda
V1009 05:06:34.619000 26196 Lib\site-packages\torch\_inductor\codecache.py:2145] [1/2] [__output_code] empty_strided_xpu = torch._C._dynamo.guards._empty_strided_xpu
V1009 05:06:34.619000 26196 Lib\site-packages\torch\_inductor\codecache.py:2145] [1/2] [__output_code] empty_strided_mtia = torch._C._dynamo.guards._empty_strided_mtia
V1009 05:06:34.619000 26196 Lib\site-packages\torch\_inductor\codecache.py:2145] [1/2] [__output_code] reinterpret_tensor = torch._C._dynamo.guards._reinterpret_tensor
V1009 05:06:34.619000 26196 Lib\site-packages\torch\_inductor\codecache.py:2145] [1/2] [__output_code] alloc_from_pool = torch.ops.inductor._alloc_from_pool
V1009 05:06:34.619000 26196 Lib\site-packages\torch\_inductor\codecache.py:2145] [1/2] [__output_code] async_compile = AsyncCompile()
V1009 05:06:34.619000 26196 Lib\site-packages\torch\_inductor\codecache.py:2145] [1/2] [__output_code] empty_strided_p2p = torch._C._distributed_c10d._SymmetricMemory.empty_strided_p2p
V1009 05:06:34.619000 26196 Lib\site-packages\torch\_inductor\codecache.py:2145] [1/2] [__output_code] 
V1009 05:06:34.619000 26196 Lib\site-packages\torch\_inductor\codecache.py:2145] [1/2] [__output_code] 
V1009 05:06:34.619000 26196 Lib\site-packages\torch\_inductor\codecache.py:2145] [1/2] [__output_code] cpp_fused_sum_threshold_backward_0 = async_compile.cpp_pybinding(['float*', 'const float*', 'const float*', 'float*', 'const int64_t'], r'''
V1009 05:06:34.619000 26196 Lib\site-packages\torch\_inductor\codecache.py:2145] [1/2] [__output_code] #include <torch/csrc/inductor/cpp_prefix.h>
V1009 05:06:34.619000 26196 Lib\site-packages\torch\_inductor\codecache.py:2145] [1/2] [__output_code] extern "C" __declspec(dllexport) void  kernel(float* in_out_ptr0,
V1009 05:06:34.619000 26196 Lib\site-packages\torch\_inductor\codecache.py:2145] [1/2] [__output_code]                        const float* in_ptr0,
V1009 05:06:34.619000 26196 Lib\site-packages\torch\_inductor\codecache.py:2145] [1/2] [__output_code]                        const float* in_ptr1,
V1009 05:06:34.619000 26196 Lib\site-packages\torch\_inductor\codecache.py:2145] [1/2] [__output_code]                        float* out_ptr0,
V1009 05:06:34.619000 26196 Lib\site-packages\torch\_inductor\codecache.py:2145] [1/2] [__output_code]                        const int64_t ks0)
V1009 05:06:34.619000 26196 Lib\site-packages\torch\_inductor\codecache.py:2145] [1/2] [__output_code] {
V1009 05:06:34.619000 26196 Lib\site-packages\torch\_inductor\codecache.py:2145] [1/2] [__output_code]     std::atomic<int> inductor_cpu_integer_div_error{0};
V1009 05:06:34.619000 26196 Lib\site-packages\torch\_inductor\codecache.py:2145] [1/2] [__output_code]     inductor_cpu_integer_div_error_flag = &inductor_cpu_integer_div_error;
V1009 05:06:34.619000 26196 Lib\site-packages\torch\_inductor\codecache.py:2145] [1/2] [__output_code]     {
V1009 05:06:34.619000 26196 Lib\site-packages\torch\_inductor\codecache.py:2145] [1/2] [__output_code]         for(int64_t x0=static_cast<int64_t>(0LL); x0<static_cast<int64_t>(10LL); x0+=static_cast<int64_t>(8LL))
V1009 05:06:34.619000 26196 Lib\site-packages\torch\_inductor\codecache.py:2145] [1/2] [__output_code]         {
V1009 05:06:34.619000 26196 Lib\site-packages\torch\_inductor\codecache.py:2145] [1/2] [__output_code]             {
V1009 05:06:34.619000 26196 Lib\site-packages\torch\_inductor\codecache.py:2145] [1/2] [__output_code]                 float tmp_acc0 = 0;
V1009 05:06:34.619000 26196 Lib\site-packages\torch\_inductor\codecache.py:2145] [1/2] [__output_code]                 at::vec::Vectorized<float> tmp_acc0_vec = at::vec::Vectorized<float>(0);
V1009 05:06:34.619000 26196 Lib\site-packages\torch\_inductor\codecache.py:2145] [1/2] [__output_code]                 for(int64_t x1=static_cast<int64_t>(0LL); x1<static_cast<int64_t>(ks0); x1+=static_cast<int64_t>(1LL))
V1009 05:06:34.619000 26196 Lib\site-packages\torch\_inductor\codecache.py:2145] [1/2] [__output_code]                 {
V1009 05:06:34.619000 26196 Lib\site-packages\torch\_inductor\codecache.py:2145] [1/2] [__output_code]                     {
V1009 05:06:34.619000 26196 Lib\site-packages\torch\_inductor\codecache.py:2145] [1/2] [__output_code]                         if(C10_LIKELY(x0 >= static_cast<int64_t>(0) && x0 < static_cast<int64_t>(8LL)))
V1009 05:06:34.619000 26196 Lib\site-packages\torch\_inductor\codecache.py:2145] [1/2] [__output_code]                         {
V1009 05:06:34.619000 26196 Lib\site-packages\torch\_inductor\codecache.py:2145] [1/2] [__output_code]                             auto tmp0 = at::vec::Vectorized<float>::loadu(in_ptr0 + static_cast<int64_t>(x0 + 10LL*x1), static_cast<int64_t>(8));
V1009 05:06:34.619000 26196 Lib\site-packages\torch\_inductor\codecache.py:2145] [1/2] [__output_code]                             tmp_acc0_vec = tmp_acc0_vec + tmp0;
V1009 05:06:34.619000 26196 Lib\site-packages\torch\_inductor\codecache.py:2145] [1/2] [__output_code]                         }
V1009 05:06:34.619000 26196 Lib\site-packages\torch\_inductor\codecache.py:2145] [1/2] [__output_code]                         if(C10_UNLIKELY(x0 >= static_cast<int64_t>(8LL) && x0 < static_cast<int64_t>(10LL)))
V1009 05:06:34.619000 26196 Lib\site-packages\torch\_inductor\codecache.py:2145] [1/2] [__output_code]                         {
V1009 05:06:34.619000 26196 Lib\site-packages\torch\_inductor\codecache.py:2145] [1/2] [__output_code]                             auto tmp0 = at::vec::Vectorized<float>::loadu(in_ptr0 + static_cast<int64_t>(x0 + 10LL*x1), static_cast<int64_t>(2LL));
V1009 05:06:34.619000 26196 Lib\site-packages\torch\_inductor\codecache.py:2145] [1/2] [__output_code]                             tmp_acc0_vec = sum_masked_reduce(tmp_acc0_vec, tmp0, static_cast<int64_t>(2LL));
V1009 05:06:34.619000 26196 Lib\site-packages\torch\_inductor\codecache.py:2145] [1/2] [__output_code]                         }
V1009 05:06:34.619000 26196 Lib\site-packages\torch\_inductor\codecache.py:2145] [1/2] [__output_code]                     }
V1009 05:06:34.619000 26196 Lib\site-packages\torch\_inductor\codecache.py:2145] [1/2] [__output_code]                 }
V1009 05:06:34.619000 26196 Lib\site-packages\torch\_inductor\codecache.py:2145] [1/2] [__output_code]                 if(C10_LIKELY(x0 >= static_cast<int64_t>(0) && x0 < static_cast<int64_t>(8LL)))
V1009 05:06:34.619000 26196 Lib\site-packages\torch\_inductor\codecache.py:2145] [1/2] [__output_code]                 {
V1009 05:06:34.619000 26196 Lib\site-packages\torch\_inductor\codecache.py:2145] [1/2] [__output_code]                     tmp_acc0_vec.store(out_ptr0 + static_cast<int64_t>(x0));
V1009 05:06:34.619000 26196 Lib\site-packages\torch\_inductor\codecache.py:2145] [1/2] [__output_code]                 }
V1009 05:06:34.619000 26196 Lib\site-packages\torch\_inductor\codecache.py:2145] [1/2] [__output_code]                 if(C10_UNLIKELY(x0 >= static_cast<int64_t>(8LL) && x0 < static_cast<int64_t>(10LL)))
V1009 05:06:34.619000 26196 Lib\site-packages\torch\_inductor\codecache.py:2145] [1/2] [__output_code]                 {
V1009 05:06:34.619000 26196 Lib\site-packages\torch\_inductor\codecache.py:2145] [1/2] [__output_code]                     tmp_acc0_vec.store(out_ptr0 + static_cast<int64_t>(x0), static_cast<int64_t>(2LL));
V1009 05:06:34.619000 26196 Lib\site-packages\torch\_inductor\codecache.py:2145] [1/2] [__output_code]                 }
V1009 05:06:34.619000 26196 Lib\site-packages\torch\_inductor\codecache.py:2145] [1/2] [__output_code]             }
V1009 05:06:34.619000 26196 Lib\site-packages\torch\_inductor\codecache.py:2145] [1/2] [__output_code]         }
V1009 05:06:34.619000 26196 Lib\site-packages\torch\_inductor\codecache.py:2145] [1/2] [__output_code]     }
V1009 05:06:34.619000 26196 Lib\site-packages\torch\_inductor\codecache.py:2145] [1/2] [__output_code]     #pragma omp parallel num_threads(8)
V1009 05:06:34.619000 26196 Lib\site-packages\torch\_inductor\codecache.py:2145] [1/2] [__output_code]     {
V1009 05:06:34.619000 26196 Lib\site-packages\torch\_inductor\codecache.py:2145] [1/2] [__output_code]         int tid = omp_get_thread_num();
V1009 05:06:34.619000 26196 Lib\site-packages\torch\_inductor\codecache.py:2145] [1/2] [__output_code]         {
V1009 05:06:34.619000 26196 Lib\site-packages\torch\_inductor\codecache.py:2145] [1/2] [__output_code]             #pragma omp for
V1009 05:06:34.619000 26196 Lib\site-packages\torch\_inductor\codecache.py:2145] [1/2] [__output_code]             for(int64_t x0=static_cast<int64_t>(0LL); x0<static_cast<int64_t>(256LL*ks0); x0+=static_cast<int64_t>(8LL))
V1009 05:06:34.619000 26196 Lib\site-packages\torch\_inductor\codecache.py:2145] [1/2] [__output_code]             {
V1009 05:06:34.619000 26196 Lib\site-packages\torch\_inductor\codecache.py:2145] [1/2] [__output_code]                 {
V1009 05:06:34.619000 26196 Lib\site-packages\torch\_inductor\codecache.py:2145] [1/2] [__output_code]                     if(C10_LIKELY(x0 >= static_cast<int64_t>(0) && x0 < static_cast<int64_t>(256LL*ks0)))
V1009 05:06:34.619000 26196 Lib\site-packages\torch\_inductor\codecache.py:2145] [1/2] [__output_code]                     {
V1009 05:06:34.619000 26196 Lib\site-packages\torch\_inductor\codecache.py:2145] [1/2] [__output_code]                         auto tmp0 = at::vec::Vectorized<float>::loadu(in_out_ptr0 + static_cast<int64_t>(x0), static_cast<int64_t>(8));
V1009 05:06:34.619000 26196 Lib\site-packages\torch\_inductor\codecache.py:2145] [1/2] [__output_code]                         auto tmp4 = at::vec::Vectorized<float>::loadu(in_ptr1 + static_cast<int64_t>(x0), static_cast<int64_t>(8));
V1009 05:06:34.619000 26196 Lib\site-packages\torch\_inductor\codecache.py:2145] [1/2] [__output_code]                         auto tmp1 = static_cast<float>(0.0);
V1009 05:06:34.619000 26196 Lib\site-packages\torch\_inductor\codecache.py:2145] [1/2] [__output_code]                         auto tmp2 = at::vec::Vectorized<float>(tmp1);
V1009 05:06:34.619000 26196 Lib\site-packages\torch\_inductor\codecache.py:2145] [1/2] [__output_code]                         auto tmp3 = at::vec::VecMask<float,1>(tmp0 <= tmp2);
V1009 05:06:34.619000 26196 Lib\site-packages\torch\_inductor\codecache.py:2145] [1/2] [__output_code]                         auto tmp5 = decltype(tmp2)::blendv(tmp4, tmp2, tmp3.template cast<float,1>());
V1009 05:06:34.619000 26196 Lib\site-packages\torch\_inductor\codecache.py:2145] [1/2] [__output_code]                         tmp5.store(in_out_ptr0 + static_cast<int64_t>(x0));
V1009 05:06:34.619000 26196 Lib\site-packages\torch\_inductor\codecache.py:2145] [1/2] [__output_code]                     }
V1009 05:06:34.619000 26196 Lib\site-packages\torch\_inductor\codecache.py:2145] [1/2] [__output_code]                 }
V1009 05:06:34.619000 26196 Lib\site-packages\torch\_inductor\codecache.py:2145] [1/2] [__output_code]             }
V1009 05:06:34.619000 26196 Lib\site-packages\torch\_inductor\codecache.py:2145] [1/2] [__output_code]         }
V1009 05:06:34.619000 26196 Lib\site-packages\torch\_inductor\codecache.py:2145] [1/2] [__output_code]     }
V1009 05:06:34.619000 26196 Lib\site-packages\torch\_inductor\codecache.py:2145] [1/2] [__output_code]     inductor_cpu_integer_div_error_flag = nullptr;
V1009 05:06:34.619000 26196 Lib\site-packages\torch\_inductor\codecache.py:2145] [1/2] [__output_code]     inductor_cpu_throw_if_integer_div_error(inductor_cpu_integer_div_error);
V1009 05:06:34.619000 26196 Lib\site-packages\torch\_inductor\codecache.py:2145] [1/2] [__output_code] }
V1009 05:06:34.619000 26196 Lib\site-packages\torch\_inductor\codecache.py:2145] [1/2] [__output_code] ''')
V1009 05:06:34.619000 26196 Lib\site-packages\torch\_inductor\codecache.py:2145] [1/2] [__output_code] 
V1009 05:06:34.619000 26196 Lib\site-packages\torch\_inductor\codecache.py:2145] [1/2] [__output_code] 
V1009 05:06:34.619000 26196 Lib\site-packages\torch\_inductor\codecache.py:2145] [1/2] [__output_code] cpp_fused_sum_threshold_backward_1 = async_compile.cpp_pybinding(['float*', 'const float*', 'const float*', 'float*', 'const int64_t'], r'''
V1009 05:06:34.619000 26196 Lib\site-packages\torch\_inductor\codecache.py:2145] [1/2] [__output_code] #include <torch/csrc/inductor/cpp_prefix.h>
V1009 05:06:34.619000 26196 Lib\site-packages\torch\_inductor\codecache.py:2145] [1/2] [__output_code] extern "C" __declspec(dllexport) void  kernel(float* in_out_ptr0,
V1009 05:06:34.619000 26196 Lib\site-packages\torch\_inductor\codecache.py:2145] [1/2] [__output_code]                        const float* in_ptr0,
V1009 05:06:34.619000 26196 Lib\site-packages\torch\_inductor\codecache.py:2145] [1/2] [__output_code]                        const float* in_ptr1,
V1009 05:06:34.619000 26196 Lib\site-packages\torch\_inductor\codecache.py:2145] [1/2] [__output_code]                        float* out_ptr0,
V1009 05:06:34.619000 26196 Lib\site-packages\torch\_inductor\codecache.py:2145] [1/2] [__output_code]                        const int64_t ks0)
V1009 05:06:34.619000 26196 Lib\site-packages\torch\_inductor\codecache.py:2145] [1/2] [__output_code] {
V1009 05:06:34.619000 26196 Lib\site-packages\torch\_inductor\codecache.py:2145] [1/2] [__output_code]     std::atomic<int> inductor_cpu_integer_div_error{0};
V1009 05:06:34.619000 26196 Lib\site-packages\torch\_inductor\codecache.py:2145] [1/2] [__output_code]     inductor_cpu_integer_div_error_flag = &inductor_cpu_integer_div_error;
V1009 05:06:34.619000 26196 Lib\site-packages\torch\_inductor\codecache.py:2145] [1/2] [__output_code]     #pragma omp parallel num_threads(8)
V1009 05:06:34.619000 26196 Lib\site-packages\torch\_inductor\codecache.py:2145] [1/2] [__output_code]     {
V1009 05:06:34.619000 26196 Lib\site-packages\torch\_inductor\codecache.py:2145] [1/2] [__output_code]         int tid = omp_get_thread_num();
V1009 05:06:34.619000 26196 Lib\site-packages\torch\_inductor\codecache.py:2145] [1/2] [__output_code]         {
V1009 05:06:34.619000 26196 Lib\site-packages\torch\_inductor\codecache.py:2145] [1/2] [__output_code]             #pragma omp for
V1009 05:06:34.619000 26196 Lib\site-packages\torch\_inductor\codecache.py:2145] [1/2] [__output_code]             for(int64_t x0=static_cast<int64_t>(0LL); x0<static_cast<int64_t>(256LL); x0+=static_cast<int64_t>(8LL))
V1009 05:06:34.619000 26196 Lib\site-packages\torch\_inductor\codecache.py:2145] [1/2] [__output_code]             {
V1009 05:06:34.619000 26196 Lib\site-packages\torch\_inductor\codecache.py:2145] [1/2] [__output_code]                 {
V1009 05:06:34.619000 26196 Lib\site-packages\torch\_inductor\codecache.py:2145] [1/2] [__output_code]                     float tmp_acc0 = 0;
V1009 05:06:34.619000 26196 Lib\site-packages\torch\_inductor\codecache.py:2145] [1/2] [__output_code]                     at::vec::Vectorized<float> tmp_acc0_vec = at::vec::Vectorized<float>(0);
V1009 05:06:34.619000 26196 Lib\site-packages\torch\_inductor\codecache.py:2145] [1/2] [__output_code]                     for(int64_t x1=static_cast<int64_t>(0LL); x1<static_cast<int64_t>(ks0); x1+=static_cast<int64_t>(1LL))
V1009 05:06:34.619000 26196 Lib\site-packages\torch\_inductor\codecache.py:2145] [1/2] [__output_code]                     {
V1009 05:06:34.619000 26196 Lib\site-packages\torch\_inductor\codecache.py:2145] [1/2] [__output_code]                         {
V1009 05:06:34.619000 26196 Lib\site-packages\torch\_inductor\codecache.py:2145] [1/2] [__output_code]                             if(C10_LIKELY(x0 >= static_cast<int64_t>(0) && x0 < static_cast<int64_t>(256LL)))
V1009 05:06:34.619000 26196 Lib\site-packages\torch\_inductor\codecache.py:2145] [1/2] [__output_code]                             {
V1009 05:06:34.619000 26196 Lib\site-packages\torch\_inductor\codecache.py:2145] [1/2] [__output_code]                                 auto tmp0 = at::vec::Vectorized<float>::loadu(in_ptr0 + static_cast<int64_t>(x0 + 256LL*x1), static_cast<int64_t>(8));
V1009 05:06:34.619000 26196 Lib\site-packages\torch\_inductor\codecache.py:2145] [1/2] [__output_code]                                 tmp_acc0_vec = tmp_acc0_vec + tmp0;
V1009 05:06:34.619000 26196 Lib\site-packages\torch\_inductor\codecache.py:2145] [1/2] [__output_code]                             }
V1009 05:06:34.619000 26196 Lib\site-packages\torch\_inductor\codecache.py:2145] [1/2] [__output_code]                         }
V1009 05:06:34.619000 26196 Lib\site-packages\torch\_inductor\codecache.py:2145] [1/2] [__output_code]                     }
V1009 05:06:34.619000 26196 Lib\site-packages\torch\_inductor\codecache.py:2145] [1/2] [__output_code]                     if(C10_LIKELY(x0 >= static_cast<int64_t>(0) && x0 < static_cast<int64_t>(256LL)))
V1009 05:06:34.619000 26196 Lib\site-packages\torch\_inductor\codecache.py:2145] [1/2] [__output_code]                     {
V1009 05:06:34.619000 26196 Lib\site-packages\torch\_inductor\codecache.py:2145] [1/2] [__output_code]                         tmp_acc0_vec.store(out_ptr0 + static_cast<int64_t>(x0));
V1009 05:06:34.619000 26196 Lib\site-packages\torch\_inductor\codecache.py:2145] [1/2] [__output_code]                     }
V1009 05:06:34.619000 26196 Lib\site-packages\torch\_inductor\codecache.py:2145] [1/2] [__output_code]                 }
V1009 05:06:34.619000 26196 Lib\site-packages\torch\_inductor\codecache.py:2145] [1/2] [__output_code]             }
V1009 05:06:34.619000 26196 Lib\site-packages\torch\_inductor\codecache.py:2145] [1/2] [__output_code]         }
V1009 05:06:34.619000 26196 Lib\site-packages\torch\_inductor\codecache.py:2145] [1/2] [__output_code]         {
V1009 05:06:34.619000 26196 Lib\site-packages\torch\_inductor\codecache.py:2145] [1/2] [__output_code]             #pragma omp for
V1009 05:06:34.619000 26196 Lib\site-packages\torch\_inductor\codecache.py:2145] [1/2] [__output_code]             for(int64_t x0=static_cast<int64_t>(0LL); x0<static_cast<int64_t>(256LL*ks0); x0+=static_cast<int64_t>(8LL))
V1009 05:06:34.619000 26196 Lib\site-packages\torch\_inductor\codecache.py:2145] [1/2] [__output_code]             {
V1009 05:06:34.619000 26196 Lib\site-packages\torch\_inductor\codecache.py:2145] [1/2] [__output_code]                 {
V1009 05:06:34.619000 26196 Lib\site-packages\torch\_inductor\codecache.py:2145] [1/2] [__output_code]                     if(C10_LIKELY(x0 >= static_cast<int64_t>(0) && x0 < static_cast<int64_t>(256LL*ks0)))
V1009 05:06:34.619000 26196 Lib\site-packages\torch\_inductor\codecache.py:2145] [1/2] [__output_code]                     {
V1009 05:06:34.619000 26196 Lib\site-packages\torch\_inductor\codecache.py:2145] [1/2] [__output_code]                         auto tmp0 = at::vec::Vectorized<float>::loadu(in_out_ptr0 + static_cast<int64_t>(x0), static_cast<int64_t>(8));
V1009 05:06:34.619000 26196 Lib\site-packages\torch\_inductor\codecache.py:2145] [1/2] [__output_code]                         auto tmp4 = at::vec::Vectorized<float>::loadu(in_ptr1 + static_cast<int64_t>(x0), static_cast<int64_t>(8));
V1009 05:06:34.619000 26196 Lib\site-packages\torch\_inductor\codecache.py:2145] [1/2] [__output_code]                         auto tmp1 = static_cast<float>(0.0);
V1009 05:06:34.619000 26196 Lib\site-packages\torch\_inductor\codecache.py:2145] [1/2] [__output_code]                         auto tmp2 = at::vec::Vectorized<float>(tmp1);
V1009 05:06:34.619000 26196 Lib\site-packages\torch\_inductor\codecache.py:2145] [1/2] [__output_code]                         auto tmp3 = at::vec::VecMask<float,1>(tmp0 <= tmp2);
V1009 05:06:34.619000 26196 Lib\site-packages\torch\_inductor\codecache.py:2145] [1/2] [__output_code]                         auto tmp5 = decltype(tmp2)::blendv(tmp4, tmp2, tmp3.template cast<float,1>());
V1009 05:06:34.619000 26196 Lib\site-packages\torch\_inductor\codecache.py:2145] [1/2] [__output_code]                         tmp5.store(in_out_ptr0 + static_cast<int64_t>(x0));
V1009 05:06:34.619000 26196 Lib\site-packages\torch\_inductor\codecache.py:2145] [1/2] [__output_code]                     }
V1009 05:06:34.619000 26196 Lib\site-packages\torch\_inductor\codecache.py:2145] [1/2] [__output_code]                 }
V1009 05:06:34.619000 26196 Lib\site-packages\torch\_inductor\codecache.py:2145] [1/2] [__output_code]             }
V1009 05:06:34.619000 26196 Lib\site-packages\torch\_inductor\codecache.py:2145] [1/2] [__output_code]         }
V1009 05:06:34.619000 26196 Lib\site-packages\torch\_inductor\codecache.py:2145] [1/2] [__output_code]     }
V1009 05:06:34.619000 26196 Lib\site-packages\torch\_inductor\codecache.py:2145] [1/2] [__output_code]     inductor_cpu_integer_div_error_flag = nullptr;
V1009 05:06:34.619000 26196 Lib\site-packages\torch\_inductor\codecache.py:2145] [1/2] [__output_code]     inductor_cpu_throw_if_integer_div_error(inductor_cpu_integer_div_error);
V1009 05:06:34.619000 26196 Lib\site-packages\torch\_inductor\codecache.py:2145] [1/2] [__output_code] }
V1009 05:06:34.619000 26196 Lib\site-packages\torch\_inductor\codecache.py:2145] [1/2] [__output_code] ''')
V1009 05:06:34.619000 26196 Lib\site-packages\torch\_inductor\codecache.py:2145] [1/2] [__output_code] 
V1009 05:06:34.619000 26196 Lib\site-packages\torch\_inductor\codecache.py:2145] [1/2] [__output_code] 
V1009 05:06:34.619000 26196 Lib\site-packages\torch\_inductor\codecache.py:2145] [1/2] [__output_code] cpp_fused_sum_2 = async_compile.cpp_pybinding(['const float*', 'float*', 'const int64_t'], r'''
V1009 05:06:34.619000 26196 Lib\site-packages\torch\_inductor\codecache.py:2145] [1/2] [__output_code] #include <torch/csrc/inductor/cpp_prefix.h>
V1009 05:06:34.619000 26196 Lib\site-packages\torch\_inductor\codecache.py:2145] [1/2] [__output_code] extern "C" __declspec(dllexport) void  kernel(const float* in_ptr0,
V1009 05:06:34.619000 26196 Lib\site-packages\torch\_inductor\codecache.py:2145] [1/2] [__output_code]                        float* out_ptr0,
V1009 05:06:34.619000 26196 Lib\site-packages\torch\_inductor\codecache.py:2145] [1/2] [__output_code]                        const int64_t ks0)
V1009 05:06:34.619000 26196 Lib\site-packages\torch\_inductor\codecache.py:2145] [1/2] [__output_code] {
V1009 05:06:34.619000 26196 Lib\site-packages\torch\_inductor\codecache.py:2145] [1/2] [__output_code]     std::atomic<int> inductor_cpu_integer_div_error{0};
V1009 05:06:34.619000 26196 Lib\site-packages\torch\_inductor\codecache.py:2145] [1/2] [__output_code]     inductor_cpu_integer_div_error_flag = &inductor_cpu_integer_div_error;
V1009 05:06:34.619000 26196 Lib\site-packages\torch\_inductor\codecache.py:2145] [1/2] [__output_code]     #pragma omp parallel num_threads(8)
V1009 05:06:34.619000 26196 Lib\site-packages\torch\_inductor\codecache.py:2145] [1/2] [__output_code]     {
V1009 05:06:34.619000 26196 Lib\site-packages\torch\_inductor\codecache.py:2145] [1/2] [__output_code]         int tid = omp_get_thread_num();
V1009 05:06:34.619000 26196 Lib\site-packages\torch\_inductor\codecache.py:2145] [1/2] [__output_code]         {
V1009 05:06:34.619000 26196 Lib\site-packages\torch\_inductor\codecache.py:2145] [1/2] [__output_code]             #pragma omp for
V1009 05:06:34.619000 26196 Lib\site-packages\torch\_inductor\codecache.py:2145] [1/2] [__output_code]             for(int64_t x0=static_cast<int64_t>(0LL); x0<static_cast<int64_t>(256LL); x0+=static_cast<int64_t>(8LL))
V1009 05:06:34.619000 26196 Lib\site-packages\torch\_inductor\codecache.py:2145] [1/2] [__output_code]             {
V1009 05:06:34.619000 26196 Lib\site-packages\torch\_inductor\codecache.py:2145] [1/2] [__output_code]                 {
V1009 05:06:34.619000 26196 Lib\site-packages\torch\_inductor\codecache.py:2145] [1/2] [__output_code]                     float tmp_acc0 = 0;
V1009 05:06:34.619000 26196 Lib\site-packages\torch\_inductor\codecache.py:2145] [1/2] [__output_code]                     at::vec::Vectorized<float> tmp_acc0_vec = at::vec::Vectorized<float>(0);
V1009 05:06:34.619000 26196 Lib\site-packages\torch\_inductor\codecache.py:2145] [1/2] [__output_code]                     for(int64_t x1=static_cast<int64_t>(0LL); x1<static_cast<int64_t>(ks0); x1+=static_cast<int64_t>(1LL))
V1009 05:06:34.619000 26196 Lib\site-packages\torch\_inductor\codecache.py:2145] [1/2] [__output_code]                     {
V1009 05:06:34.619000 26196 Lib\site-packages\torch\_inductor\codecache.py:2145] [1/2] [__output_code]                         {
V1009 05:06:34.619000 26196 Lib\site-packages\torch\_inductor\codecache.py:2145] [1/2] [__output_code]                             if(C10_LIKELY(x0 >= static_cast<int64_t>(0) && x0 < static_cast<int64_t>(256LL)))
V1009 05:06:34.619000 26196 Lib\site-packages\torch\_inductor\codecache.py:2145] [1/2] [__output_code]                             {
V1009 05:06:34.619000 26196 Lib\site-packages\torch\_inductor\codecache.py:2145] [1/2] [__output_code]                                 auto tmp0 = at::vec::Vectorized<float>::loadu(in_ptr0 + static_cast<int64_t>(x0 + 256LL*x1), static_cast<int64_t>(8));
V1009 05:06:34.619000 26196 Lib\site-packages\torch\_inductor\codecache.py:2145] [1/2] [__output_code]                                 tmp_acc0_vec = tmp_acc0_vec + tmp0;
V1009 05:06:34.619000 26196 Lib\site-packages\torch\_inductor\codecache.py:2145] [1/2] [__output_code]                             }
V1009 05:06:34.619000 26196 Lib\site-packages\torch\_inductor\codecache.py:2145] [1/2] [__output_code]                         }
V1009 05:06:34.619000 26196 Lib\site-packages\torch\_inductor\codecache.py:2145] [1/2] [__output_code]                     }
V1009 05:06:34.619000 26196 Lib\site-packages\torch\_inductor\codecache.py:2145] [1/2] [__output_code]                     if(C10_LIKELY(x0 >= static_cast<int64_t>(0) && x0 < static_cast<int64_t>(256LL)))
V1009 05:06:34.619000 26196 Lib\site-packages\torch\_inductor\codecache.py:2145] [1/2] [__output_code]                     {
V1009 05:06:34.619000 26196 Lib\site-packages\torch\_inductor\codecache.py:2145] [1/2] [__output_code]                         tmp_acc0_vec.store(out_ptr0 + static_cast<int64_t>(x0));
V1009 05:06:34.619000 26196 Lib\site-packages\torch\_inductor\codecache.py:2145] [1/2] [__output_code]                     }
V1009 05:06:34.619000 26196 Lib\site-packages\torch\_inductor\codecache.py:2145] [1/2] [__output_code]                 }
V1009 05:06:34.619000 26196 Lib\site-packages\torch\_inductor\codecache.py:2145] [1/2] [__output_code]             }
V1009 05:06:34.619000 26196 Lib\site-packages\torch\_inductor\codecache.py:2145] [1/2] [__output_code]         }
V1009 05:06:34.619000 26196 Lib\site-packages\torch\_inductor\codecache.py:2145] [1/2] [__output_code]     }
V1009 05:06:34.619000 26196 Lib\site-packages\torch\_inductor\codecache.py:2145] [1/2] [__output_code]     inductor_cpu_integer_div_error_flag = nullptr;
V1009 05:06:34.619000 26196 Lib\site-packages\torch\_inductor\codecache.py:2145] [1/2] [__output_code]     inductor_cpu_throw_if_integer_div_error(inductor_cpu_integer_div_error);
V1009 05:06:34.619000 26196 Lib\site-packages\torch\_inductor\codecache.py:2145] [1/2] [__output_code] }
V1009 05:06:34.619000 26196 Lib\site-packages\torch\_inductor\codecache.py:2145] [1/2] [__output_code] ''')
V1009 05:06:34.619000 26196 Lib\site-packages\torch\_inductor\codecache.py:2145] [1/2] [__output_code] 
V1009 05:06:34.619000 26196 Lib\site-packages\torch\_inductor\codecache.py:2145] [1/2] [__output_code] 
V1009 05:06:34.619000 26196 Lib\site-packages\torch\_inductor\codecache.py:2145] [1/2] [__output_code] async_compile.wait(globals())
V1009 05:06:34.619000 26196 Lib\site-packages\torch\_inductor\codecache.py:2145] [1/2] [__output_code] del async_compile
V1009 05:06:34.619000 26196 Lib\site-packages\torch\_inductor\codecache.py:2145] [1/2] [__output_code] 
V1009 05:06:34.619000 26196 Lib\site-packages\torch\_inductor\codecache.py:2145] [1/2] [__output_code] class Runner:
V1009 05:06:34.619000 26196 Lib\site-packages\torch\_inductor\codecache.py:2145] [1/2] [__output_code]     def __init__(self, partitions):
V1009 05:06:34.619000 26196 Lib\site-packages\torch\_inductor\codecache.py:2145] [1/2] [__output_code]         self.partitions = partitions
V1009 05:06:34.619000 26196 Lib\site-packages\torch\_inductor\codecache.py:2145] [1/2] [__output_code] 
V1009 05:06:34.619000 26196 Lib\site-packages\torch\_inductor\codecache.py:2145] [1/2] [__output_code]     def recursively_apply_fns(self, fns):
V1009 05:06:34.619000 26196 Lib\site-packages\torch\_inductor\codecache.py:2145] [1/2] [__output_code]         new_callables = []
V1009 05:06:34.619000 26196 Lib\site-packages\torch\_inductor\codecache.py:2145] [1/2] [__output_code]         for fn, c in zip(fns, self.partitions):
V1009 05:06:34.619000 26196 Lib\site-packages\torch\_inductor\codecache.py:2145] [1/2] [__output_code]             new_callables.append(fn(c))
V1009 05:06:34.619000 26196 Lib\site-packages\torch\_inductor\codecache.py:2145] [1/2] [__output_code]         self.partitions = new_callables
V1009 05:06:34.619000 26196 Lib\site-packages\torch\_inductor\codecache.py:2145] [1/2] [__output_code] 
V1009 05:06:34.619000 26196 Lib\site-packages\torch\_inductor\codecache.py:2145] [1/2] [__output_code]     def call(self, args):
V1009 05:06:34.619000 26196 Lib\site-packages\torch\_inductor\codecache.py:2145] [1/2] [__output_code]         primals_3, primals_1, primals_4, primals_5, primals_7, relu, relu_1, tangents_1 = args
V1009 05:06:34.619000 26196 Lib\site-packages\torch\_inductor\codecache.py:2145] [1/2] [__output_code]         args.clear()
V1009 05:06:34.619000 26196 Lib\site-packages\torch\_inductor\codecache.py:2145] [1/2] [__output_code]         s85 = primals_3
V1009 05:06:34.619000 26196 Lib\site-packages\torch\_inductor\codecache.py:2145] [1/2] [__output_code]         assert_size_stride_grouped((tangents_1, primals_7), ((s85, 10), (10, 256)), ((10, 1), (256, 1)), 'input')
V1009 05:06:34.619000 26196 Lib\site-packages\torch\_inductor\codecache.py:2145] [1/2] [__output_code]         buf0 = empty_strided_cpu((s85, 256), (256, 1), torch.float32)
V1009 05:06:34.619000 26196 Lib\site-packages\torch\_inductor\codecache.py:2145] [1/2] [__output_code]         # Topologically Sorted Source Nodes: [output_layer, permute_3, mm], Original ATen: [aten.t, aten.mm]
V1009 05:06:34.619000 26196 Lib\site-packages\torch\_inductor\codecache.py:2145] [1/2] [__output_code]         extern_kernels.mm(tangents_1, primals_7, out=buf0)
V1009 05:06:34.619000 26196 Lib\site-packages\torch\_inductor\codecache.py:2145] [1/2] [__output_code]         del primals_7
V1009 05:06:34.619000 26196 Lib\site-packages\torch\_inductor\codecache.py:2145] [1/2] [__output_code]         assert_size_stride(relu_1, (s85, 256), (256, 1), 'input')
V1009 05:06:34.619000 26196 Lib\site-packages\torch\_inductor\codecache.py:2145] [1/2] [__output_code]         buf1 = empty_strided_cpu((10, 256), (256, 1), torch.float32)
V1009 05:06:34.619000 26196 Lib\site-packages\torch\_inductor\codecache.py:2145] [1/2] [__output_code]         # Topologically Sorted Source Nodes: [permute_4, mm_1], Original ATen: [aten.t, aten.mm]
V1009 05:06:34.619000 26196 Lib\site-packages\torch\_inductor\codecache.py:2145] [1/2] [__output_code]         extern_kernels.mm(reinterpret_tensor(tangents_1, (10, s85), (1, 10), 0), relu_1, out=buf1)
V1009 05:06:34.619000 26196 Lib\site-packages\torch\_inductor\codecache.py:2145] [1/2] [__output_code]         buf2 = empty_strided_cpu((1, 10), (10, 1), torch.float32)
V1009 05:06:34.619000 26196 Lib\site-packages\torch\_inductor\codecache.py:2145] [1/2] [__output_code]         buf3 = relu_1; del relu_1  # reuse
V1009 05:06:34.619000 26196 Lib\site-packages\torch\_inductor\codecache.py:2145] [1/2] [__output_code]         assert_size_stride(primals_5, (256, 256), (256, 1), 'input')
V1009 05:06:34.619000 26196 Lib\site-packages\torch\_inductor\codecache.py:2145] [1/2] [__output_code]         cpp_fused_sum_threshold_backward_0(buf3, tangents_1, buf0, buf2, s85)
V1009 05:06:34.619000 26196 Lib\site-packages\torch\_inductor\codecache.py:2145] [1/2] [__output_code]         del tangents_1
V1009 05:06:34.619000 26196 Lib\site-packages\torch\_inductor\codecache.py:2145] [1/2] [__output_code]         buf4 = buf0; del buf0  # reuse
V1009 05:06:34.619000 26196 Lib\site-packages\torch\_inductor\codecache.py:2145] [1/2] [__output_code]         # Topologically Sorted Source Nodes: [mid_layer, permute_7, mm_2], Original ATen: [aten.t, aten.mm]
V1009 05:06:34.619000 26196 Lib\site-packages\torch\_inductor\codecache.py:2145] [1/2] [__output_code]         extern_kernels.mm(buf3, primals_5, out=buf4)
V1009 05:06:34.619000 26196 Lib\site-packages\torch\_inductor\codecache.py:2145] [1/2] [__output_code]         del primals_5
V1009 05:06:34.619000 26196 Lib\site-packages\torch\_inductor\codecache.py:2145] [1/2] [__output_code]         assert_size_stride(relu, (s85, 256), (256, 1), 'input')
V1009 05:06:34.619000 26196 Lib\site-packages\torch\_inductor\codecache.py:2145] [1/2] [__output_code]         buf5 = empty_strided_cpu((256, 256), (256, 1), torch.float32)
V1009 05:06:34.619000 26196 Lib\site-packages\torch\_inductor\codecache.py:2145] [1/2] [__output_code]         # Topologically Sorted Source Nodes: [permute_8, mm_3], Original ATen: [aten.t, aten.mm]
V1009 05:06:34.619000 26196 Lib\site-packages\torch\_inductor\codecache.py:2145] [1/2] [__output_code]         extern_kernels.mm(reinterpret_tensor(buf3, (256, s85), (1, 256), 0), relu, out=buf5)
V1009 05:06:34.619000 26196 Lib\site-packages\torch\_inductor\codecache.py:2145] [1/2] [__output_code]         buf6 = empty_strided_cpu((1, 256), (256, 1), torch.float32)
V1009 05:06:34.619000 26196 Lib\site-packages\torch\_inductor\codecache.py:2145] [1/2] [__output_code]         buf7 = relu; del relu  # reuse
V1009 05:06:34.619000 26196 Lib\site-packages\torch\_inductor\codecache.py:2145] [1/2] [__output_code]         assert_size_stride(primals_1, (256, 784), (784, 1), 'input')
V1009 05:06:34.619000 26196 Lib\site-packages\torch\_inductor\codecache.py:2145] [1/2] [__output_code]         cpp_fused_sum_threshold_backward_1(buf7, buf3, buf4, buf6, s85)
V1009 05:06:34.619000 26196 Lib\site-packages\torch\_inductor\codecache.py:2145] [1/2] [__output_code]         del buf3
V1009 05:06:34.619000 26196 Lib\site-packages\torch\_inductor\codecache.py:2145] [1/2] [__output_code]         del buf4
V1009 05:06:34.619000 26196 Lib\site-packages\torch\_inductor\codecache.py:2145] [1/2] [__output_code]         buf8 = empty_strided_cpu((s85, 784), (784, 1), torch.float32)
V1009 05:06:34.619000 26196 Lib\site-packages\torch\_inductor\codecache.py:2145] [1/2] [__output_code]         # Topologically Sorted Source Nodes: [input_layer, permute_11, mm_4], Original ATen: [aten.t, aten.mm]
V1009 05:06:34.619000 26196 Lib\site-packages\torch\_inductor\codecache.py:2145] [1/2] [__output_code]         extern_kernels.mm(buf7, primals_1, out=buf8)
V1009 05:06:34.619000 26196 Lib\site-packages\torch\_inductor\codecache.py:2145] [1/2] [__output_code]         del primals_1
V1009 05:06:34.619000 26196 Lib\site-packages\torch\_inductor\codecache.py:2145] [1/2] [__output_code]         assert_size_stride(primals_4, (s85, 784), (784, 1), 'input')
V1009 05:06:34.619000 26196 Lib\site-packages\torch\_inductor\codecache.py:2145] [1/2] [__output_code]         buf9 = empty_strided_cpu((256, 784), (784, 1), torch.float32)
V1009 05:06:34.619000 26196 Lib\site-packages\torch\_inductor\codecache.py:2145] [1/2] [__output_code]         # Topologically Sorted Source Nodes: [permute_12, mm_5], Original ATen: [aten.t, aten.mm]
V1009 05:06:34.619000 26196 Lib\site-packages\torch\_inductor\codecache.py:2145] [1/2] [__output_code]         extern_kernels.mm(reinterpret_tensor(buf7, (256, s85), (1, 256), 0), primals_4, out=buf9)
V1009 05:06:34.619000 26196 Lib\site-packages\torch\_inductor\codecache.py:2145] [1/2] [__output_code]         del primals_4
V1009 05:06:34.619000 26196 Lib\site-packages\torch\_inductor\codecache.py:2145] [1/2] [__output_code]         buf10 = empty_strided_cpu((1, 256), (256, 1), torch.float32)
V1009 05:06:34.619000 26196 Lib\site-packages\torch\_inductor\codecache.py:2145] [1/2] [__output_code]         cpp_fused_sum_2(buf7, buf10, s85)
V1009 05:06:34.619000 26196 Lib\site-packages\torch\_inductor\codecache.py:2145] [1/2] [__output_code]         return (buf9, reinterpret_tensor(buf10, (256, ), (1, ), 0), None, buf8, buf5, reinterpret_tensor(buf6, (256, ), (1, ), 0), buf1, reinterpret_tensor(buf2, (10, ), (1, ), 0), )
V1009 05:06:34.619000 26196 Lib\site-packages\torch\_inductor\codecache.py:2145] [1/2] [__output_code] 
V1009 05:06:34.619000 26196 Lib\site-packages\torch\_inductor\codecache.py:2145] [1/2] [__output_code] runner = Runner(partitions=[])
V1009 05:06:34.619000 26196 Lib\site-packages\torch\_inductor\codecache.py:2145] [1/2] [__output_code] call = runner.call
V1009 05:06:34.619000 26196 Lib\site-packages\torch\_inductor\codecache.py:2145] [1/2] [__output_code] recursively_apply_fns = runner.recursively_apply_fns
V1009 05:06:34.619000 26196 Lib\site-packages\torch\_inductor\codecache.py:2145] [1/2] [__output_code] 
V1009 05:06:34.619000 26196 Lib\site-packages\torch\_inductor\codecache.py:2145] [1/2] [__output_code] 
V1009 05:06:34.619000 26196 Lib\site-packages\torch\_inductor\codecache.py:2145] [1/2] [__output_code] def get_args():
V1009 05:06:34.619000 26196 Lib\site-packages\torch\_inductor\codecache.py:2145] [1/2] [__output_code]     from torch._dynamo.testing import rand_strided
V1009 05:06:34.619000 26196 Lib\site-packages\torch\_inductor\codecache.py:2145] [1/2] [__output_code]     primals_3 = 20
V1009 05:06:34.619000 26196 Lib\site-packages\torch\_inductor\codecache.py:2145] [1/2] [__output_code]     primals_1 = rand_strided((256, 784), (784, 1), device='cpu', dtype=torch.float32)
V1009 05:06:34.619000 26196 Lib\site-packages\torch\_inductor\codecache.py:2145] [1/2] [__output_code]     primals_4 = rand_strided((20, 784), (784, 1), device='cpu', dtype=torch.float32)
V1009 05:06:34.619000 26196 Lib\site-packages\torch\_inductor\codecache.py:2145] [1/2] [__output_code]     primals_5 = rand_strided((256, 256), (256, 1), device='cpu', dtype=torch.float32)
V1009 05:06:34.619000 26196 Lib\site-packages\torch\_inductor\codecache.py:2145] [1/2] [__output_code]     primals_7 = rand_strided((10, 256), (256, 1), device='cpu', dtype=torch.float32)
V1009 05:06:34.619000 26196 Lib\site-packages\torch\_inductor\codecache.py:2145] [1/2] [__output_code]     relu = rand_strided((20, 256), (256, 1), device='cpu', dtype=torch.float32)
V1009 05:06:34.619000 26196 Lib\site-packages\torch\_inductor\codecache.py:2145] [1/2] [__output_code]     relu_1 = rand_strided((20, 256), (256, 1), device='cpu', dtype=torch.float32)
V1009 05:06:34.619000 26196 Lib\site-packages\torch\_inductor\codecache.py:2145] [1/2] [__output_code]     tangents_1 = rand_strided((20, 10), (10, 1), device='cpu', dtype=torch.float32)
V1009 05:06:34.619000 26196 Lib\site-packages\torch\_inductor\codecache.py:2145] [1/2] [__output_code]     return [primals_3, primals_1, primals_4, primals_5, primals_7, relu, relu_1, tangents_1]
V1009 05:06:34.619000 26196 Lib\site-packages\torch\_inductor\codecache.py:2145] [1/2] [__output_code] 
V1009 05:06:34.619000 26196 Lib\site-packages\torch\_inductor\codecache.py:2145] [1/2] [__output_code] 
V1009 05:06:34.619000 26196 Lib\site-packages\torch\_inductor\codecache.py:2145] [1/2] [__output_code] def benchmark_compiled_module(args, times=10, repeat=10):
V1009 05:06:34.619000 26196 Lib\site-packages\torch\_inductor\codecache.py:2145] [1/2] [__output_code]     from torch._inductor.utils import print_performance
V1009 05:06:34.619000 26196 Lib\site-packages\torch\_inductor\codecache.py:2145] [1/2] [__output_code]     fn = lambda: call(list(args))
V1009 05:06:34.619000 26196 Lib\site-packages\torch\_inductor\codecache.py:2145] [1/2] [__output_code]     return print_performance(fn, times=times, repeat=repeat, device='cpu')
V1009 05:06:34.619000 26196 Lib\site-packages\torch\_inductor\codecache.py:2145] [1/2] [__output_code] 
V1009 05:06:34.619000 26196 Lib\site-packages\torch\_inductor\codecache.py:2145] [1/2] [__output_code] 
V1009 05:06:34.619000 26196 Lib\site-packages\torch\_inductor\codecache.py:2145] [1/2] [__output_code] if __name__ == "__main__":
V1009 05:06:34.619000 26196 Lib\site-packages\torch\_inductor\codecache.py:2145] [1/2] [__output_code]     from torch._inductor.wrapper_benchmark import compiled_module_main
V1009 05:06:34.619000 26196 Lib\site-packages\torch\_inductor\codecache.py:2145] [1/2] [__output_code]     args = get_args()
V1009 05:06:34.619000 26196 Lib\site-packages\torch\_inductor\codecache.py:2145] [1/2] [__output_code]     compiled_module_main('None', lambda times, repeat: benchmark_compiled_module(args, times=times, repeat=repeat))
V1009 05:06:34.619000 26196 Lib\site-packages\torch\_inductor\codecache.py:2145] [1/2] [__output_code] 
V1009 05:06:34.619000 26196 Lib\site-packages\torch\_inductor\codecache.py:2146] [1/2] [__output_code] Output code written to: H:\maxbound_cache\inductor\j4\cj44ncgnn7wurxnzgeakzmluzqfrrt62zden6nuecf36priwggrx.py
eps=0.0 image 1/50: bound 1.59e-05 (found 0)
eps=0.0 image 2/50: bound 1.95e-05 (found 0)
eps=0.0 image 3/50: bound 4.88e-05 (found 0)
eps=0.0 image 4/50: bound 1.43e-05 (found 0)
eps=0.0 image 5/50: bound 2.79e-05 (found 0)
eps=0.0 image 6/50: bound 1.97e-05 (found 0)
eps=0.0 image 7/50: bound 5.23e-05 (found 0)
eps=0.0 image 8/50: bound 1.61e-05 (found 0)
eps=0.0 image 9/50: bound 0.00438 (found 0)
eps=0.0 image 10/50: bound 0.000354 (found 9.09e-13)
eps=0.0 image 11/50: bound 1.47e-05 (found 0)
eps=0.0 image 12/50: bound 5.04e-05 (found 4.34e-19)
eps=0.0 image 13/50: bound 6.44e-05 (found 0)
eps=0.0 image 14/50: bound 1.47e-05 (found 0)
eps=0.0 image 15/50: bound 1.65e-05 (found 0)
eps=0.0 image 16/50: bound 6.71e-05 (found 4.55e-13)
eps=0.0 image 17/50: bound 1.69e-05 (found 0)
eps=0.0 image 18/50: bound 1.69e-05 (found 0)
eps=0.0 image 19/50: bound 0.00046 (found 5.82e-11)
eps=0.0 image 20/50: bound 1.31e-05 (found 0)
eps=0.0 image 21/50: bound 3.81e-05 (found 0)
eps=0.0 image 22/50: bound 4.17e-05 (found 0)
eps=0.0 image 23/50: bound 1.49e-05 (found 0)
eps=0.0 image 24/50: bound 1.37e-05 (found 0)
eps=0.0 image 25/50: bound 3.54e-05 (found 0)
eps=0.0 image 26/50: bound 2.03e-05 (found 0)
eps=0.0 image 27/50: bound 5.53e-05 (found 0)
eps=0.0 image 28/50: bound 1.41e-05 (found 0)
eps=0.0 image 29/50: bound 1.68e-05 (found 0)
eps=0.0 image 30/50: bound 1.8e-05 (found 0)
eps=0.0 image 31/50: bound 1.58e-05 (found 0)
eps=0.0 image 32/50: bound 5.35e-05 (found 9.09e-13)
eps=0.0 image 33/50: bound 1.48e-05 (found 0)
eps=0.0 image 34/50: bound 0.112 (found 1.49e-08)
eps=0.0 image 35/50: bound 1.79e-05 (found 0)
eps=0.0 image 36/50: bound 4.27e-05 (found 0)
eps=0.0 image 37/50: bound 8.8e-05 (found 7.28e-12)
eps=0.0 image 38/50: bound 1.71e-05 (found 0)
eps=0.0 image 39/50: bound 0.0183 (found 7.11e-15)
eps=0.0 image 40/50: bound 1.78e-05 (found 0)
eps=0.0 image 41/50: bound 4.31e-05 (found 0)
eps=0.0 image 42/50: bound 2.16e-05 (found 0)
eps=0.0 image 43/50: bound 8.87e-05 (found 8.47e-22)
eps=0.0 image 44/50: bound 1.46e-05 (found 0)
eps=0.0 image 45/50: bound 0.000109 (found 7.11e-15)
eps=0.0 image 46/50: bound 4.86e-05 (found 0)
eps=0.0 image 47/50: bound 0.000373 (found 0)
eps=0.0 image 48/50: bound 1.57e-05 (found 0)
eps=0.0 image 49/50: bound 1.69e-05 (found 0)
eps=0.0 image 50/50: bound 1.81e-05 (found 0)
eps=0.01 image 1/50: bound 1.79e-05 (found 0)
eps=0.01 image 2/50: bound 2.19e-05 (found 0)
eps=0.01 image 3/50: bound 0.000457 (found 7.28e-12)
eps=0.01 image 4/50: bound 1.48e-05 (found 0)
eps=0.01 image 5/50: bound 0.000147 (found 3.64e-12)
eps=0.01 image 6/50: bound 5.66e-05 (found 9.09e-13)
eps=0.01 image 7/50: bound 0.000392 (found 1.46e-11)
eps=0.01 image 8/50: bound 4.04e-05 (found 2.27e-13)
eps=0.01 image 9/50: bound 0.0297 (found 4.66e-10)
eps=0.01 image 10/50: bound 0.00273 (found 5.82e-11)
eps=0.01 image 11/50: bound 1.61e-05 (found 0)
eps=0.01 image 12/50: bound 0.000662 (found 7.28e-12)
eps=0.01 image 13/50: bound 0.000629 (found 1.46e-11)
eps=0.01 image 14/50: bound 1.54e-05 (found 0)
eps=0.01 image 15/50: bound 1.74e-05 (found 0)
eps=0.01 image 16/50: bound 0.000697 (found 1.46e-11)
eps=0.01 image 17/50: bound 3.11e-05 (found 5.55e-17)
eps=0.01 image 18/50: bound 2.37e-05 (found 0)
eps=0.01 image 19/50: bound 0.00486 (found 5.82e-11)
eps=0.01 image 20/50: bound 1.39e-05 (found 0)
eps=0.01 image 21/50: bound 0.000186 (found 3.64e-12)
eps=0.01 image 22/50: bound 0.000318 (found 7.28e-12)
eps=0.01 image 23/50: bound 2.98e-05 (found 2.22e-16)
eps=0.01 image 24/50: bound 1.47e-05 (found 0)
eps=0.01 image 25/50: bound 0.000347 (found 3.64e-12)
eps=0.01 image 26/50: bound 2.06e-05 (found 0)
eps=0.01 image 27/50: bound 0.000288 (found 1.46e-11)
eps=0.01 image 28/50: bound 1.63e-05 (found 0)
eps=0.01 image 29/50: bound 1.74e-05 (found 0)
eps=0.01 image 30/50: bound 5.32e-05 (found 9.09e-13)
eps=0.01 image 31/50: bound 1.65e-05 (found 0)
eps=0.01 image 32/50: bound 0.000386 (found 3.64e-12)
eps=0.01 image 33/50: bound 1.56e-05 (found 0)
eps=0.01 image 34/50: bound 0.115 (found 2.98e-08)
eps=0.01 image 35/50: bound 3.97e-05 (found 0)
eps=0.01 image 36/50: bound 0.000186 (found 3.64e-12)
eps=0.01 image 37/50: bound 0.000956 (found 1.46e-11)
eps=0.01 image 38/50: bound 3.25e-05 (found 3.55e-15)
eps=0.01 image 39/50: bound 0.0956 (found 3.73e-09)
eps=0.01 image 40/50: bound 3.87e-05 (found 8.88e-16)
eps=0.01 image 41/50: bound 0.000369 (found 3.64e-12)
eps=0.01 image 42/50: bound 0.000148 (found 9.09e-13)
eps=0.01 image 43/50: bound 0.000747 (found 1.46e-11)
eps=0.01 image 44/50: bound 2.73e-05 (found 7.11e-15)
eps=0.01 image 45/50: bound 0.000835 (found 1.46e-11)
eps=0.01 image 46/50: bound 0.000412 (found 3.64e-12)
eps=0.01 image 47/50: bound 0.00372 (found 5.82e-11)
eps=0.01 image 48/50: bound 4.1e-05 (found 0)
eps=0.01 image 49/50: bound 2.08e-05 (found 0)
eps=0.01 image 50/50: bound 4.42e-05 (found 5.55e-17)
# dacorvo/mnist-mlp, torch.compile (Inductor, CPU)

Model `dacorvo/mnist-mlp` @ `7ed1e96d182395fd7380ea8495b9eb2364ce9dc1`, compiler `torch_compile` {}, 50 test images. Medians over images; eps is in pixel units (pixels in [0, 1]).

| output | eps | violations | same class certified | bound | real part | fp allowance | largest found | real / found | zonotope | interval | zonotope-sep. | interval-sep. | seconds |
|---|---|---|---|---|---|---|---|---|---|---|---|---|---|
| probabilities | 0 | 0/50 | 50/50 | 2e-05 | 0 | 2e-05 | 0 | inf | 0 | 0 | 3.26e-15 | 3.27e-15 | 0.17 |
| probabilities | 0.01 | 0/50 | 49/50 | 5.49e-05 | 0 | 5.49e-05 | 9.09e-13 | 0.00 | 0 | 0 | 0.000162 | 21.4 | 0.18 |
| logits | 0 | 0/50 | 50/50 | 0.218 | 0 | 0.218 | 0 | inf | 0 | 0 | 1.48e-10 | 1.49e-10 | 0.16 |
| logits | 0.01 | 0/50 | 49/50 | 0.221 | 0 | 0.221 | 0 | inf | 0 | 0 | 0.843 | 44.2 | 0.17 |

